"Date","Nights","Rooms","AgentCost","RoomNights","YYYY","DD","MM","MMM","DOW","MMM-DD"
"2021-01-01",118,76,11404.17,8968,2021,1,1,"Jan","Fri","[01]Jan-01"
"2021-01-02",182,126,18054.63,22932,2021,2,1,"Jan","Sat","[01]Jan-02"
"2021-01-03",130,95,16075.45,12350,2021,3,1,"Jan","Sun","[01]Jan-03"
"2021-01-04",128,77,13462.01,9856,2021,4,1,"Jan","Mon","[01]Jan-04"
"2021-01-05",104,65,14490.6,6760,2021,5,1,"Jan","Tue","[01]Jan-05"
"2021-01-06",130,67,12734.67,8710,2021,6,1,"Jan","Wed","[01]Jan-06"
"2021-01-07",188,95,14204.71,17860,2021,7,1,"Jan","Thu","[01]Jan-07"
"2021-01-08",421,196,34847.6,82516,2021,8,1,"Jan","Fri","[01]Jan-08"
"2021-01-09",268,168,30214.83,45024,2021,9,1,"Jan","Sat","[01]Jan-09"
"2021-01-10",236,97,29785.82,22892,2021,10,1,"Jan","Sun","[01]Jan-10"
"2021-01-11",206,105,21865.14,21630,2021,11,1,"Jan","Mon","[01]Jan-11"
"2021-01-12",217,94,28969.23,20398,2021,12,1,"Jan","Tue","[01]Jan-12"
"2021-01-13",240,113,29821.62,27120,2021,13,1,"Jan","Wed","[01]Jan-13"
"2021-01-14",411,180,42689.38,73980,2021,14,1,"Jan","Thu","[01]Jan-14"
"2021-01-15",764,348,85769.81,265872,2021,15,1,"Jan","Fri","[01]Jan-15"
"2021-01-16",485,323,51624.33,156655,2021,16,1,"Jan","Sat","[01]Jan-16"
"2021-01-17",294,161,28791.17,47334,2021,17,1,"Jan","Sun","[01]Jan-17"
"2021-01-18",265,134,24547.45,35510,2021,18,1,"Jan","Mon","[01]Jan-18"
"2021-01-19",198,92,21466.05,18216,2021,19,1,"Jan","Tue","[01]Jan-19"
"2021-01-20",309,139,37324.06,42951,2021,20,1,"Jan","Wed","[01]Jan-20"
"2021-01-21",570,227,64300.41,129390,2021,21,1,"Jan","Thu","[01]Jan-21"
"2021-01-22",853,420,85582.92,358260,2021,22,1,"Jan","Fri","[01]Jan-22"
"2021-01-23",577,337,57159.8,194449,2021,23,1,"Jan","Sat","[01]Jan-23"
"2021-01-24",374,199,39126.4,74426,2021,24,1,"Jan","Sun","[01]Jan-24"
"2021-01-25",333,145,42410.52,48285,2021,25,1,"Jan","Mon","[01]Jan-25"
"2021-01-26",273,120,32158.08,32760,2021,26,1,"Jan","Tue","[01]Jan-26"
"2021-01-27",356,155,38574.43,55180,2021,27,1,"Jan","Wed","[01]Jan-27"
"2021-01-28",827,293,95785.17,242311,2021,28,1,"Jan","Thu","[01]Jan-28"
"2021-01-29",1247,552,126498.46,688344,2021,29,1,"Jan","Fri","[01]Jan-29"
"2021-01-30",612,380,65776.12,232560,2021,30,1,"Jan","Sat","[01]Jan-30"
"2021-01-31",510,224,60308.27,114240,2021,31,1,"Jan","Sun","[01]Jan-31"
"2021-02-01",440,185,62656.97,81400,2021,1,2,"Feb","Mon","[02]Feb-01"
"2021-02-02",248,120,29898.07,29760,2021,2,2,"Feb","Tue","[02]Feb-02"
"2021-02-03",345,138,52957.29,47610,2021,3,2,"Feb","Wed","[02]Feb-03"
"2021-02-04",662,251,68562.89,166162,2021,4,2,"Feb","Thu","[02]Feb-04"
"2021-02-05",1188,540,149523.02,641520,2021,5,2,"Feb","Fri","[02]Feb-05"
"2021-02-06",762,437,105982.44,332994,2021,6,2,"Feb","Sat","[02]Feb-06"
"2021-02-07",490,211,56936.77,103390,2021,7,2,"Feb","Sun","[02]Feb-07"
"2021-02-08",446,172,79052.59,76712,2021,8,2,"Feb","Mon","[02]Feb-08"
"2021-02-09",267,125,44399.84,33375,2021,9,2,"Feb","Tue","[02]Feb-09"
"2021-02-10",685,227,89659.93,155495,2021,10,2,"Feb","Wed","[02]Feb-10"
"2021-02-11",1608,538,191221.94,865104,2021,11,2,"Feb","Thu","[02]Feb-11"
"2021-02-12",2989,1230,381063.3,3676470,2021,12,2,"Feb","Fri","[02]Feb-12"
"2021-02-13",1942,1110,285211.18,2155620,2021,13,2,"Feb","Sat","[02]Feb-13"
"2021-02-14",953,580,124923.1,552740,2021,14,2,"Feb","Sun","[02]Feb-14"
"2021-02-15",655,272,129046.01,178160,2021,15,2,"Feb","Mon","[02]Feb-15"
"2021-02-16",467,192,77498.65,89664,2021,16,2,"Feb","Tue","[02]Feb-16"
"2021-02-17",634,240,96498.51,152160,2021,17,2,"Feb","Wed","[02]Feb-17"
"2021-02-18",1152,418,152113.92,481536,2021,18,2,"Feb","Thu","[02]Feb-18"
"2021-02-19",1610,687,187375.24,1106070,2021,19,2,"Feb","Fri","[02]Feb-19"
"2021-02-20",833,466,111489.89,388178,2021,20,2,"Feb","Sat","[02]Feb-20"
"2021-02-21",674,267,87786.22,179958,2021,21,2,"Feb","Sun","[02]Feb-21"
"2021-02-22",544,189,68515.23,102816,2021,22,2,"Feb","Mon","[02]Feb-22"
"2021-02-23",376,139,59024.13,52264,2021,23,2,"Feb","Tue","[02]Feb-23"
"2021-02-24",566,195,85537.64,110370,2021,24,2,"Feb","Wed","[02]Feb-24"
"2021-02-25",1016,370,132737.57,375920,2021,25,2,"Feb","Thu","[02]Feb-25"
"2021-02-26",1534,704,210100.12,1079936,2021,26,2,"Feb","Fri","[02]Feb-26"
"2021-02-27",785,455,126681.2,357175,2021,27,2,"Feb","Sat","[02]Feb-27"
"2021-02-28",617,255,89396.95,157335,2021,28,2,"Feb","Sun","[02]Feb-28"
"2021-03-01",536,184,77261.5,98624,2021,1,3,"Mar","Mon","[03]Mar-01"
"2021-03-02",462,179,68747.54,82698,2021,2,3,"Mar","Tue","[03]Mar-02"
"2021-03-03",545,206,72753.9,112270,2021,3,3,"Mar","Wed","[03]Mar-03"
"2021-03-04",1134,420,150284.35,476280,2021,4,3,"Mar","Thu","[03]Mar-04"
"2021-03-05",1684,761,247027.23,1281524,2021,5,3,"Mar","Fri","[03]Mar-05"
"2021-03-06",1079,580,163814.71,625820,2021,6,3,"Mar","Sat","[03]Mar-06"
"2021-03-07",699,324,98626.35,226476,2021,7,3,"Mar","Sun","[03]Mar-07"
"2021-03-08",557,232,88533.03,129224,2021,8,3,"Mar","Mon","[03]Mar-08"
"2021-03-09",641,227,87917.03,145507,2021,9,3,"Mar","Tue","[03]Mar-09"
"2021-03-10",741,264,107804.9,195624,2021,10,3,"Mar","Wed","[03]Mar-10"
"2021-03-11",1237,449,223301.03,555413,2021,11,3,"Mar","Thu","[03]Mar-11"
"2021-03-12",1931,848,294090.25,1637488,2021,12,3,"Mar","Fri","[03]Mar-12"
"2021-03-13",1345,650,248278.63,874250,2021,13,3,"Mar","Sat","[03]Mar-13"
"2021-03-14",984,395,188058.59,388680,2021,14,3,"Mar","Sun","[03]Mar-14"
"2021-03-15",717,275,124905.84,197175,2021,15,3,"Mar","Mon","[03]Mar-15"
"2021-03-16",611,257,90365.93,157027,2021,16,3,"Mar","Tue","[03]Mar-16"
"2021-03-17",1257,445,190746.92,559365,2021,17,3,"Mar","Wed","[03]Mar-17"
"2021-03-18",2353,819,338402.68,1927107,2021,18,3,"Mar","Thu","[03]Mar-18"
"2021-03-19",2628,1120,427340.57,2943360,2021,19,3,"Mar","Fri","[03]Mar-19"
"2021-03-20",1368,654,197605.59,894672,2021,20,3,"Mar","Sat","[03]Mar-20"
"2021-03-21",948,359,138207.4,340332,2021,21,3,"Mar","Sun","[03]Mar-21"
"2021-03-22",741,283,110491.98,209703,2021,22,3,"Mar","Mon","[03]Mar-22"
"2021-03-23",698,248,105947.39,173104,2021,23,3,"Mar","Tue","[03]Mar-23"
"2021-03-24",925,316,149469.83,292300,2021,24,3,"Mar","Wed","[03]Mar-24"
"2021-03-25",1630,543,336251.31,885090,2021,25,3,"Mar","Thu","[03]Mar-25"
"2021-03-26",2336,955,373193.36,2230880,2021,26,3,"Mar","Fri","[03]Mar-26"
"2021-03-27",1372,616,238590.93,845152,2021,27,3,"Mar","Sat","[03]Mar-27"
"2021-03-28",1161,443,261406.28,514323,2021,28,3,"Mar","Sun","[03]Mar-28"
"2021-03-29",997,374,219100.63,372878,2021,29,3,"Mar","Mon","[03]Mar-29"
"2021-03-30",838,297,178022.72,248886,2021,30,3,"Mar","Tue","[03]Mar-30"
"2021-03-31",1122,372,221430.36,417384,2021,31,3,"Mar","Wed","[03]Mar-31"
"2021-04-01",1536,547,285672.26,840192,2021,1,4,"Apr","Thu","[04]Apr-01"
"2021-04-02",1971,826,359183.18,1628046,2021,2,4,"Apr","Fri","[04]Apr-02"
"2021-04-03",1043,406,262189.17,423458,2021,3,4,"Apr","Sat","[04]Apr-03"
"2021-04-04",868,300,156936.57,260400,2021,4,4,"Apr","Sun","[04]Apr-04"
"2021-04-05",1119,362,241120.65,405078,2021,5,4,"Apr","Mon","[04]Apr-05"
"2021-04-06",709,266,109377.23,188594,2021,6,4,"Apr","Tue","[04]Apr-06"
"2021-04-07",898,324,163083.42,290952,2021,7,4,"Apr","Wed","[04]Apr-07"
"2021-04-08",1520,549,212179.93,834480,2021,8,4,"Apr","Thu","[04]Apr-08"
"2021-04-09",1793,798,266038.2,1430814,2021,9,4,"Apr","Fri","[04]Apr-09"
"2021-04-10",1074,494,198749.43,530556,2021,10,4,"Apr","Sat","[04]Apr-10"
"2021-04-11",786,303,119011.76,238158,2021,11,4,"Apr","Sun","[04]Apr-11"
"2021-04-12",720,267,100450.6,192240,2021,12,4,"Apr","Mon","[04]Apr-12"
"2021-04-13",596,212,122812.4,126352,2021,13,4,"Apr","Tue","[04]Apr-13"
"2021-04-14",705,256,121654.26,180480,2021,14,4,"Apr","Wed","[04]Apr-14"
"2021-04-15",1598,571,272982.42,912458,2021,15,4,"Apr","Thu","[04]Apr-15"
"2021-04-16",2018,850,337099.42,1715300,2021,16,4,"Apr","Fri","[04]Apr-16"
"2021-04-17",958,433,183789.38,414814,2021,17,4,"Apr","Sat","[04]Apr-17"
"2021-04-18",854,307,160806.5,262178,2021,18,4,"Apr","Sun","[04]Apr-18"
"2021-04-19",700,248,119520.87,173600,2021,19,4,"Apr","Mon","[04]Apr-19"
"2021-04-20",559,206,88982.97,115154,2021,20,4,"Apr","Tue","[04]Apr-20"
"2021-04-21",748,258,131498.55,192984,2021,21,4,"Apr","Wed","[04]Apr-21"
"2021-04-22",1413,485,243310.11,685305,2021,22,4,"Apr","Thu","[04]Apr-22"
"2021-04-23",1780,797,312455.49,1418660,2021,23,4,"Apr","Fri","[04]Apr-23"
"2021-04-24",726,359,152767.81,260634,2021,24,4,"Apr","Sat","[04]Apr-24"
"2021-04-25",733,270,101520.77,197910,2021,25,4,"Apr","Sun","[04]Apr-25"
"2021-04-26",441,201,68074.03,88641,2021,26,4,"Apr","Mon","[04]Apr-26"
"2021-04-27",422,184,63294.95,77648,2021,27,4,"Apr","Tue","[04]Apr-27"
"2021-04-28",773,279,124786.81,215667,2021,28,4,"Apr","Wed","[04]Apr-28"
"2021-04-29",1207,410,220484,494870,2021,29,4,"Apr","Thu","[04]Apr-29"
"2021-04-30",1774,772,305890.32,1369528,2021,30,4,"Apr","Fri","[04]Apr-30"
"2021-05-01",983,396,174764.41,389268,2021,1,5,"May","Sat","[05]May-01"
"2021-05-02",852,297,148032.77,253044,2021,2,5,"May","Sun","[05]May-02"
"2021-05-03",645,235,94043.65,151575,2021,3,5,"May","Mon","[05]May-03"
"2021-05-04",543,208,93444.46,112944,2021,4,5,"May","Tue","[05]May-04"
"2021-05-05",878,318,149657.82,279204,2021,5,5,"May","Wed","[05]May-05"
"2021-05-06",1309,480,229397.07,628320,2021,6,5,"May","Thu","[05]May-06"
"2021-05-07",1474,652,271398.96,961048,2021,7,5,"May","Fri","[05]May-07"
"2021-05-08",845,399,164078.4,337155,2021,8,5,"May","Sat","[05]May-08"
"2021-05-09",777,287,127302.77,222999,2021,9,5,"May","Sun","[05]May-09"
"2021-05-10",839,295,133870.07,247505,2021,10,5,"May","Mon","[05]May-10"
"2021-05-11",596,219,101111.6,130524,2021,11,5,"May","Tue","[05]May-11"
"2021-05-12",796,295,147802.87,234820,2021,12,5,"May","Wed","[05]May-12"
"2021-05-13",1338,457,315263.47,611466,2021,13,5,"May","Thu","[05]May-13"
"2021-05-14",1440,630,244940.89,907200,2021,14,5,"May","Fri","[05]May-14"
"2021-05-15",762,368,155063.84,280416,2021,15,5,"May","Sat","[05]May-15"
"2021-05-16",823,301,127508.71,247723,2021,16,5,"May","Sun","[05]May-16"
"2021-05-17",803,287,126608.04,230461,2021,17,5,"May","Mon","[05]May-17"
"2021-05-18",653,249,122319.15,162597,2021,18,5,"May","Tue","[05]May-18"
"2021-05-19",844,293,136031.31,247292,2021,19,5,"May","Wed","[05]May-19"
"2021-05-20",1681,545,267026.09,916145,2021,20,5,"May","Thu","[05]May-20"
"2021-05-21",1664,720,312883.91,1198080,2021,21,5,"May","Fri","[05]May-21"
"2021-05-22",955,475,199121.53,453625,2021,22,5,"May","Sat","[05]May-22"
"2021-05-23",943,349,165510.2,329107,2021,23,5,"May","Sun","[05]May-23"
"2021-05-24",910,323,161419.65,293930,2021,24,5,"May","Mon","[05]May-24"
"2021-05-25",657,265,134637.71,174105,2021,25,5,"May","Tue","[05]May-25"
"2021-05-26",1025,356,200028.65,364900,2021,26,5,"May","Wed","[05]May-26"
"2021-05-27",1262,452,283865.41,570424,2021,27,5,"May","Thu","[05]May-27"
"2021-05-28",2531,961,498246.9,2432291,2021,28,5,"May","Fri","[05]May-28"
"2021-05-29",1365,640,295716.41,873600,2021,29,5,"May","Sat","[05]May-29"
"2021-05-30",751,374,124749.99,280874,2021,30,5,"May","Sun","[05]May-30"
"2021-05-31",1018,380,204613.82,386840,2021,31,5,"May","Mon","[05]May-31"
"2021-06-01",940,340,174673.17,319600,2021,1,6,"Jun","Tue","[06]Jun-01"
"2021-06-02",1005,357,184062.25,358785,2021,2,6,"Jun","Wed","[06]Jun-02"
"2021-06-03",1390,483,243349.6,671370,2021,3,6,"Jun","Thu","[06]Jun-03"
"2021-06-04",1499,638,329144.94,956362,2021,4,6,"Jun","Fri","[06]Jun-04"
"2021-06-05",802,406,149647.73,325612,2021,5,6,"Jun","Sat","[06]Jun-05"
"2021-06-06",1149,412,202247.19,473388,2021,6,6,"Jun","Sun","[06]Jun-06"
"2021-06-07",941,342,181308.26,321822,2021,7,6,"Jun","Mon","[06]Jun-07"
"2021-06-08",771,267,138998.36,205857,2021,8,6,"Jun","Tue","[06]Jun-08"
"2021-06-09",1032,352,193278.83,363264,2021,9,6,"Jun","Wed","[06]Jun-09"
"2021-06-10",1537,561,311444.57,862257,2021,10,6,"Jun","Thu","[06]Jun-10"
"2021-06-11",1734,749,340891.05,1298766,2021,11,6,"Jun","Fri","[06]Jun-11"
"2021-06-12",1046,487,210395.27,509402,2021,12,6,"Jun","Sat","[06]Jun-12"
"2021-06-13",1186,423,206996.71,501678,2021,13,6,"Jun","Sun","[06]Jun-13"
"2021-06-14",1098,392,232278.75,430416,2021,14,6,"Jun","Mon","[06]Jun-14"
"2021-06-15",972,382,187723.5,371304,2021,15,6,"Jun","Tue","[06]Jun-15"
"2021-06-16",1016,395,202931.05,401320,2021,16,6,"Jun","Wed","[06]Jun-16"
"2021-06-17",1417,506,295184.22,717002,2021,17,6,"Jun","Thu","[06]Jun-17"
"2021-06-18",1967,807,425987.05,1587369,2021,18,6,"Jun","Fri","[06]Jun-18"
"2021-06-19",1089,450,259811.58,490050,2021,19,6,"Jun","Sat","[06]Jun-19"
"2021-06-20",1326,454,241396.81,602004,2021,20,6,"Jun","Sun","[06]Jun-20"
"2021-06-21",1431,484,312912.67,692604,2021,21,6,"Jun","Mon","[06]Jun-21"
"2021-06-22",979,355,203411.85,347545,2021,22,6,"Jun","Tue","[06]Jun-22"
"2021-06-23",1183,422,240438.62,499226,2021,23,6,"Jun","Wed","[06]Jun-23"
"2021-06-24",1651,582,329972.84,960882,2021,24,6,"Jun","Thu","[06]Jun-24"
"2021-06-25",1954,788,402866.76,1539752,2021,25,6,"Jun","Fri","[06]Jun-25"
"2021-06-26",1212,533,257408.1,645996,2021,26,6,"Jun","Sat","[06]Jun-26"
"2021-06-27",1130,414,250301.33,467820,2021,27,6,"Jun","Sun","[06]Jun-27"
"2021-06-28",1075,417,237256.15,448275,2021,28,6,"Jun","Mon","[06]Jun-28"
"2021-06-29",801,310,164991.96,248310,2021,29,6,"Jun","Tue","[06]Jun-29"
"2021-06-30",1172,422,280734.03,494584,2021,30,6,"Jun","Wed","[06]Jun-30"
"2021-07-01",1756,560,420615.76,983360,2021,1,7,"Jul","Thu","[07]Jul-01"
"2021-07-02",1981,714,442449.47,1414434,2021,2,7,"Jul","Fri","[07]Jul-02"
"2021-07-03",1662,640,384919.24,1063680,2021,3,7,"Jul","Sat","[07]Jul-03"
"2021-07-04",1202,481,271631.83,578162,2021,4,7,"Jul","Sun","[07]Jul-04"
"2021-07-05",1372,503,337606.38,690116,2021,5,7,"Jul","Mon","[07]Jul-05"
"2021-07-06",952,361,211609.56,343672,2021,6,7,"Jul","Tue","[07]Jul-06"
"2021-07-07",1232,429,278532.1,528528,2021,7,7,"Jul","Wed","[07]Jul-07"
"2021-07-08",1495,544,337021.93,813280,2021,8,7,"Jul","Thu","[07]Jul-08"
"2021-07-09",1693,711,373836.62,1203723,2021,9,7,"Jul","Fri","[07]Jul-09"
"2021-07-10",1151,518,279896.79,596218,2021,10,7,"Jul","Sat","[07]Jul-10"
"2021-07-11",1552,521,329312,808592,2021,11,7,"Jul","Sun","[07]Jul-11"
"2021-07-12",1155,388,242240.79,448140,2021,12,7,"Jul","Mon","[07]Jul-12"
"2021-07-13",1000,357,246894.87,357000,2021,13,7,"Jul","Tue","[07]Jul-13"
"2021-07-14",1164,399,266628.32,464436,2021,14,7,"Jul","Wed","[07]Jul-14"
"2021-07-15",1676,591,400935.11,990516,2021,15,7,"Jul","Thu","[07]Jul-15"
"2021-07-16",2011,840,445650.3,1689240,2021,16,7,"Jul","Fri","[07]Jul-16"
"2021-07-17",1416,626,365953.34,886416,2021,17,7,"Jul","Sat","[07]Jul-17"
"2021-07-18",1424,490,313864.98,697760,2021,18,7,"Jul","Sun","[07]Jul-18"
"2021-07-19",1381,485,279317.19,669785,2021,19,7,"Jul","Mon","[07]Jul-19"
"2021-07-20",1287,442,303040.87,568854,2021,20,7,"Jul","Tue","[07]Jul-20"
"2021-07-21",1264,452,262418.42,571328,2021,21,7,"Jul","Wed","[07]Jul-21"
"2021-07-22",1891,650,455975.38,1229150,2021,22,7,"Jul","Thu","[07]Jul-22"
"2021-07-23",2055,843,467542.66,1732365,2021,23,7,"Jul","Fri","[07]Jul-23"
"2021-07-24",1384,657,345883.21,909288,2021,24,7,"Jul","Sat","[07]Jul-24"
"2021-07-25",1498,541,336893.98,810418,2021,25,7,"Jul","Sun","[07]Jul-25"
"2021-07-26",1367,502,345437.44,686234,2021,26,7,"Jul","Mon","[07]Jul-26"
"2021-07-27",1234,435,279311.66,536790,2021,27,7,"Jul","Tue","[07]Jul-27"
"2021-07-28",1398,485,321803.31,678030,2021,28,7,"Jul","Wed","[07]Jul-28"
"2021-07-29",1728,650,399970.39,1123200,2021,29,7,"Jul","Thu","[07]Jul-29"
"2021-07-30",2161,934,495352.26,2018374,2021,30,7,"Jul","Fri","[07]Jul-30"
"2021-07-31",1376,681,331843.22,937056,2021,31,7,"Jul","Sat","[07]Jul-31"
"2021-08-01",1647,557,341766.3,917379,2021,1,8,"Aug","Sun","[08]Aug-01"
"2021-08-02",1412,500,313836.42,706000,2021,2,8,"Aug","Mon","[08]Aug-02"
"2021-08-03",1184,434,253682.89,513856,2021,3,8,"Aug","Tue","[08]Aug-03"
"2021-08-04",1315,465,276569.36,611475,2021,4,8,"Aug","Wed","[08]Aug-04"
"2021-08-05",1665,587,380035.48,977355,2021,5,8,"Aug","Thu","[08]Aug-05"
"2021-08-06",1953,833,435638.02,1626849,2021,6,8,"Aug","Fri","[08]Aug-06"
"2021-08-07",1345,608,304651.53,817760,2021,7,8,"Aug","Sat","[08]Aug-07"
"2021-08-08",1639,561,386345.43,919479,2021,8,8,"Aug","Sun","[08]Aug-08"
"2021-08-09",1380,468,321059.58,645840,2021,9,8,"Aug","Mon","[08]Aug-09"
"2021-08-10",1081,389,245603.42,420509,2021,10,8,"Aug","Tue","[08]Aug-10"
"2021-08-11",1310,522,346359.02,683820,2021,11,8,"Aug","Wed","[08]Aug-11"
"2021-08-12",1757,674,385288.75,1184218,2021,12,8,"Aug","Thu","[08]Aug-12"
"2021-08-13",2219,998,465911,2214562,2021,13,8,"Aug","Fri","[08]Aug-13"
"2021-08-14",1567,717,371735.29,1123539,2021,14,8,"Aug","Sat","[08]Aug-14"
"2021-08-15",1517,568,306674.02,861656,2021,15,8,"Aug","Sun","[08]Aug-15"
"2021-08-16",1587,578,334550.71,917286,2021,16,8,"Aug","Mon","[08]Aug-16"
"2021-08-17",1214,460,267993.45,558440,2021,17,8,"Aug","Tue","[08]Aug-17"
"2021-08-18",1542,504,418864.99,777168,2021,18,8,"Aug","Wed","[08]Aug-18"
"2021-08-19",2258,764,533901.38,1725112,2021,19,8,"Aug","Thu","[08]Aug-19"
"2021-08-20",2317,942,509213.26,2182614,2021,20,8,"Aug","Fri","[08]Aug-20"
"2021-08-21",1508,736,303836.64,1109888,2021,21,8,"Aug","Sat","[08]Aug-21"
"2021-08-22",1505,520,293353.32,782600,2021,22,8,"Aug","Sun","[08]Aug-22"
"2021-08-23",1419,493,372748.4,699567,2021,23,8,"Aug","Mon","[08]Aug-23"
"2021-08-24",1013,368,195424.36,372784,2021,24,8,"Aug","Tue","[08]Aug-24"
"2021-08-25",1264,464,245574.89,586496,2021,25,8,"Aug","Wed","[08]Aug-25"
"2021-08-26",2235,745,463928.94,1665075,2021,26,8,"Aug","Thu","[08]Aug-26"
"2021-08-27",2176,911,404050.8,1982336,2021,27,8,"Aug","Fri","[08]Aug-27"
"2021-08-28",1244,618,238349.33,768792,2021,28,8,"Aug","Sat","[08]Aug-28"
"2021-08-29",1277,475,221732.77,606575,2021,29,8,"Aug","Sun","[08]Aug-29"
"2021-08-30",966,368,215949.9,355488,2021,30,8,"Aug","Mon","[08]Aug-30"
"2021-08-31",1031,383,203043.06,394873,2021,31,8,"Aug","Tue","[08]Aug-31"
"2021-09-01",1326,413,247910.64,547638,2021,1,9,"Sep","Wed","[09]Sep-01"
"2021-09-02",2039,677,541765.48,1380403,2021,2,9,"Sep","Thu","[09]Sep-02"
"2021-09-03",2896,1127,588162.96,3263792,2021,3,9,"Sep","Fri","[09]Sep-03"
"2021-09-04",2114,969,456339.68,2048466,2021,4,9,"Sep","Sat","[09]Sep-04"
"2021-09-05",1418,665,257701.51,942970,2021,5,9,"Sep","Sun","[09]Sep-05"
"2021-09-06",1441,521,283471.76,750761,2021,6,9,"Sep","Mon","[09]Sep-06"
"2021-09-07",1354,485,269201.89,656690,2021,7,9,"Sep","Tue","[09]Sep-07"
"2021-09-08",1583,563,331884.08,891229,2021,8,9,"Sep","Wed","[09]Sep-08"
"2021-09-09",2649,898,587640.72,2378802,2021,9,9,"Sep","Thu","[09]Sep-09"
"2021-09-10",2748,1173,567586.72,3223404,2021,10,9,"Sep","Fri","[09]Sep-10"
"2021-09-11",2035,959,374472.12,1951565,2021,11,9,"Sep","Sat","[09]Sep-11"
"2021-09-12",1889,725,352642.66,1369525,2021,12,9,"Sep","Sun","[09]Sep-12"
"2021-09-13",1360,520,265031.11,707200,2021,13,9,"Sep","Mon","[09]Sep-13"
"2021-09-14",1773,603,339434.4,1069119,2021,14,9,"Sep","Tue","[09]Sep-14"
"2021-09-15",1852,655,379487.63,1213060,2021,15,9,"Sep","Wed","[09]Sep-15"
"2021-09-16",2660,935,527918.07,2487100,2021,16,9,"Sep","Thu","[09]Sep-16"
"2021-09-17",2903,1283,577512.59,3724549,2021,17,9,"Sep","Fri","[09]Sep-17"
"2021-09-18",2077,983,388759.14,2041691,2021,18,9,"Sep","Sat","[09]Sep-18"
"2021-09-19",1826,705,359770.79,1287330,2021,19,9,"Sep","Sun","[09]Sep-19"
"2021-09-20",1555,544,310159.89,845920,2021,20,9,"Sep","Mon","[09]Sep-20"
"2021-09-21",1571,557,267925.04,875047,2021,21,9,"Sep","Tue","[09]Sep-21"
"2021-09-22",1409,550,318663.35,774950,2021,22,9,"Sep","Wed","[09]Sep-22"
"2021-09-23",2392,869,505537.17,2078648,2021,23,9,"Sep","Thu","[09]Sep-23"
"2021-09-24",2690,1180,513791.94,3174200,2021,24,9,"Sep","Fri","[09]Sep-24"
"2021-09-25",1821,901,367005.27,1640721,2021,25,9,"Sep","Sat","[09]Sep-25"
"2021-09-26",1653,680,283051.35,1124040,2021,26,9,"Sep","Sun","[09]Sep-26"
"2021-09-27",1584,580,300702.85,918720,2021,27,9,"Sep","Mon","[09]Sep-27"
"2021-09-28",1186,489,198662.52,579954,2021,28,9,"Sep","Tue","[09]Sep-28"
"2021-09-29",1449,577,279403.99,836073,2021,29,9,"Sep","Wed","[09]Sep-29"
"2021-09-30",2250,839,423133.26,1887750,2021,30,9,"Sep","Thu","[09]Sep-30"
"2021-10-01",2697,1222,526576.85,3295734,2021,1,10,"Oct","Fri","[10]Oct-01"
"2021-10-02",2032,986,379558.46,2003552,2021,2,10,"Oct","Sat","[10]Oct-02"
"2021-10-03",1830,688,278868.58,1259040,2021,3,10,"Oct","Sun","[10]Oct-03"
"2021-10-04",1635,559,281613.36,913965,2021,4,10,"Oct","Mon","[10]Oct-04"
"2021-10-05",1187,460,207121.7,546020,2021,5,10,"Oct","Tue","[10]Oct-05"
"2021-10-06",1658,605,298163.72,1003090,2021,6,10,"Oct","Wed","[10]Oct-06"
"2021-10-07",2478,869,519675.23,2153382,2021,7,10,"Oct","Thu","[10]Oct-07"
"2021-10-08",2770,1223,565651.46,3387710,2021,8,10,"Oct","Fri","[10]Oct-08"
"2021-10-09",2078,979,437764.64,2034362,2021,9,10,"Oct","Sat","[10]Oct-09"
"2021-10-10",1715,680,307067.16,1166200,2021,10,10,"Oct","Sun","[10]Oct-10"
"2021-10-11",1902,704,333346.24,1339008,2021,11,10,"Oct","Mon","[10]Oct-11"
"2021-10-12",1540,596,284426.38,917840,2021,12,10,"Oct","Tue","[10]Oct-12"
"2021-10-13",1602,624,304578.66,999648,2021,13,10,"Oct","Wed","[10]Oct-13"
"2021-10-14",2377,899,512171.45,2136923,2021,14,10,"Oct","Thu","[10]Oct-14"
"2021-10-15",3114,1343,684207.92,4182102,2021,15,10,"Oct","Fri","[10]Oct-15"
"2021-10-16",2136,1025,502062.82,2189400,2021,16,10,"Oct","Sat","[10]Oct-16"
"2021-10-17",2020,761,354277.47,1537220,2021,17,10,"Oct","Sun","[10]Oct-17"
"2021-10-18",1817,646,365888.91,1173782,2021,18,10,"Oct","Mon","[10]Oct-18"
"2021-10-19",1650,595,323369.93,981750,2021,19,10,"Oct","Tue","[10]Oct-19"
"2021-10-20",2085,745,432627.96,1553325,2021,20,10,"Oct","Wed","[10]Oct-20"
"2021-10-21",2813,985,645145.32,2770805,2021,21,10,"Oct","Thu","[10]Oct-21"
"2021-10-22",3449,1434,728435.65,4945866,2021,22,10,"Oct","Fri","[10]Oct-22"
"2021-10-23",2552,1224,551739.62,3123648,2021,23,10,"Oct","Sat","[10]Oct-23"
"2021-10-24",2162,818,540771.6,1768516,2021,24,10,"Oct","Sun","[10]Oct-24"
"2021-10-25",1673,600,378905.15,1003800,2021,25,10,"Oct","Mon","[10]Oct-25"
"2021-10-26",1588,594,317727.75,943272,2021,26,10,"Oct","Tue","[10]Oct-26"
"2021-10-27",1501,544,283289.58,816544,2021,27,10,"Oct","Wed","[10]Oct-27"
"2021-10-28",2391,888,467704.86,2123208,2021,28,10,"Oct","Thu","[10]Oct-28"
"2021-10-29",2585,1178,530717.69,3045130,2021,29,10,"Oct","Fri","[10]Oct-29"
"2021-10-30",2166,1086,457876.61,2352276,2021,30,10,"Oct","Sat","[10]Oct-30"
"2021-10-31",2005,708,370050.22,1419540,2021,31,10,"Oct","Sun","[10]Oct-31"
"2021-11-01",2284,791,406218.29,1806644,2021,1,11,"Nov","Mon","[11]Nov-01"
"2021-11-02",1496,584,361393.4,873664,2021,2,11,"Nov","Tue","[11]Nov-02"
"2021-11-03",1516,598,326742.6,906568,2021,3,11,"Nov","Wed","[11]Nov-03"
"2021-11-04",2219,871,515546.29,1932749,2021,4,11,"Nov","Thu","[11]Nov-04"
"2021-11-05",2757,1288,569401.16,3551016,2021,5,11,"Nov","Fri","[11]Nov-05"
"2021-11-06",2004,984,396576.49,1971936,2021,6,11,"Nov","Sat","[11]Nov-06"
"2021-11-07",1690,619,307373.1,1046110,2021,7,11,"Nov","Sun","[11]Nov-07"
"2021-11-08",1924,656,357759.09,1262144,2021,8,11,"Nov","Mon","[11]Nov-08"
"2021-11-09",1483,527,263438.69,781541,2021,9,11,"Nov","Tue","[11]Nov-09"
"2021-11-10",1922,663,433340.29,1274286,2021,10,11,"Nov","Wed","[11]Nov-10"
"2021-11-11",2987,1046,642197.71,3124402,2021,11,11,"Nov","Thu","[11]Nov-11"
"2021-11-12",3102,1361,683248.75,4221822,2021,12,11,"Nov","Fri","[11]Nov-12"
"2021-11-13",2083,1014,400434.9,2112162,2021,13,11,"Nov","Sat","[11]Nov-13"
"2021-11-14",2166,743,351420.25,1609338,2021,14,11,"Nov","Sun","[11]Nov-14"
"2021-11-15",1907,628,368297.13,1197596,2021,15,11,"Nov","Mon","[11]Nov-15"
"2021-11-16",1427,494,254635.5,704938,2021,16,11,"Nov","Tue","[11]Nov-16"
"2021-11-17",1537,559,279199.72,859183,2021,17,11,"Nov","Wed","[11]Nov-17"
"2021-11-18",2056,771,407918,1585176,2021,18,11,"Nov","Thu","[11]Nov-18"
"2021-11-19",3047,1264,607183.36,3851408,2021,19,11,"Nov","Fri","[11]Nov-19"
"2021-11-20",2617,1133,513424.07,2965061,2021,20,11,"Nov","Sat","[11]Nov-20"
"2021-11-21",2005,739,404810.56,1481695,2021,21,11,"Nov","Sun","[11]Nov-21"
"2021-11-22",1870,669,308677.71,1251030,2021,22,11,"Nov","Mon","[11]Nov-22"
"2021-11-23",1927,614,361404.06,1183178,2021,23,11,"Nov","Tue","[11]Nov-23"
"2021-11-24",2888,1012,549355.08,2922656,2021,24,11,"Nov","Wed","[11]Nov-24"
"2021-11-25",2766,1019,520209.85,2818554,2021,25,11,"Nov","Thu","[11]Nov-25"
"2021-11-26",2594,1136,454616.49,2946784,2021,26,11,"Nov","Fri","[11]Nov-26"
"2021-11-27",1478,757,289912.19,1118846,2021,27,11,"Nov","Sat","[11]Nov-27"
"2021-11-28",1492,495,285581.68,738540,2021,28,11,"Nov","Sun","[11]Nov-28"
"2021-11-29",1368,451,267506.11,616968,2021,29,11,"Nov","Mon","[11]Nov-29"
"2021-11-30",1461,489,329073.39,714429,2021,30,11,"Nov","Tue","[11]Nov-30"
"2021-12-01",1804,637,429621.61,1149148,2021,1,12,"Dec","Wed","[12]Dec-01"
"2021-12-02",2089,739,492601.33,1543771,2021,2,12,"Dec","Thu","[12]Dec-02"
"2021-12-03",2849,1198,673859.03,3413102,2021,3,12,"Dec","Fri","[12]Dec-03"
"2021-12-04",1778,831,402910.43,1477518,2021,4,12,"Dec","Sat","[12]Dec-04"
"2021-12-05",1994,625,441823.08,1246250,2021,5,12,"Dec","Sun","[12]Dec-05"
"2021-12-06",1564,485,322622.53,758540,2021,6,12,"Dec","Mon","[12]Dec-06"
"2021-12-07",1361,493,286970.24,670973,2021,7,12,"Dec","Tue","[12]Dec-07"
"2021-12-08",1441,500,338932.94,720500,2021,8,12,"Dec","Wed","[12]Dec-08"
"2021-12-09",2047,721,422231.79,1475887,2021,9,12,"Dec","Thu","[12]Dec-09"
"2021-12-10",2485,1046,508364.08,2599310,2021,10,12,"Dec","Fri","[12]Dec-10"
"2021-12-11",1600,746,315638.22,1193600,2021,11,12,"Dec","Sat","[12]Dec-11"
"2021-12-12",1705,513,383171.94,874665,2021,12,12,"Dec","Sun","[12]Dec-12"
"2021-12-13",1327,393,255410.53,521511,2021,13,12,"Dec","Mon","[12]Dec-13"
"2021-12-14",1333,381,326587.74,507873,2021,14,12,"Dec","Tue","[12]Dec-14"
"2021-12-15",1682,515,431614.88,866230,2021,15,12,"Dec","Wed","[12]Dec-15"
"2021-12-16",2219,726,531123.08,1610994,2021,16,12,"Dec","Thu","[12]Dec-16"
"2021-12-17",2621,1054,593598.05,2762534,2021,17,12,"Dec","Fri","[12]Dec-17"
"2021-12-18",2394,963,682721.33,2305422,2021,18,12,"Dec","Sat","[12]Dec-18"
"2021-12-19",1944,618,466202.43,1201392,2021,19,12,"Dec","Sun","[12]Dec-19"
"2021-12-20",1520,518,333294.89,787360,2021,20,12,"Dec","Mon","[12]Dec-20"
"2021-12-21",1508,462,437631.86,696696,2021,21,12,"Dec","Tue","[12]Dec-21"
"2021-12-22",2247,635,812561.39,1426845,2021,22,12,"Dec","Wed","[12]Dec-22"
"2021-12-23",2763,796,848414.11,2199348,2021,23,12,"Dec","Thu","[12]Dec-23"
"2021-12-24",2249,727,615164.17,1635023,2021,24,12,"Dec","Fri","[12]Dec-24"
"2021-12-25",1795,610,473619.53,1094950,2021,25,12,"Dec","Sat","[12]Dec-25"
"2021-12-26",3546,1048,1044640.58,3716208,2021,26,12,"Dec","Sun","[12]Dec-26"
"2021-12-27",2990,933,952185.83,2789670,2021,27,12,"Dec","Mon","[12]Dec-27"
"2021-12-28",2722,787,872035.49,2142214,2021,28,12,"Dec","Tue","[12]Dec-28"
"2021-12-29",2444,805,777039.37,1967420,2021,29,12,"Dec","Wed","[12]Dec-29"
"2021-12-30",3022,1064,904187.42,3215408,2021,30,12,"Dec","Thu","[12]Dec-30"
"2021-12-31",2122,1191,591960.31,2527302,2021,31,12,"Dec","Fri","[12]Dec-31"
"2022-01-01",1633,600,337971.81,979800,2022,1,1,"Jan","Sat","[01]Jan-01"
"2022-01-02",1828,558,512116.73,1020024,2022,2,1,"Jan","Sun","[01]Jan-02"
"2022-01-03",2091,578,515628.71,1208598,2022,3,1,"Jan","Mon","[01]Jan-03"
"2022-01-04",2892,801,665810.58,2316492,2022,4,1,"Jan","Tue","[01]Jan-04"
"2022-01-05",1410,479,360899.61,675390,2022,5,1,"Jan","Wed","[01]Jan-05"
"2022-01-06",1468,418,303115.56,613624,2022,6,1,"Jan","Thu","[01]Jan-06"
"2022-01-07",1459,561,294304.52,818499,2022,7,1,"Jan","Fri","[01]Jan-07"
"2022-01-08",1232,452,255654.37,556864,2022,8,1,"Jan","Sat","[01]Jan-08"
"2022-01-09",1257,360,241959.08,452520,2022,9,1,"Jan","Sun","[01]Jan-09"
"2022-01-10",985,263,189417.61,259055,2022,10,1,"Jan","Mon","[01]Jan-10"
"2022-01-11",730,211,154794.92,154030,2022,11,1,"Jan","Tue","[01]Jan-11"
"2022-01-12",782,202,204730.11,157964,2022,12,1,"Jan","Wed","[01]Jan-12"
"2022-01-13",1159,333,248877.72,385947,2022,13,1,"Jan","Thu","[01]Jan-13"
"2022-01-14",1442,515,301517.81,742630,2022,14,1,"Jan","Fri","[01]Jan-14"
"2022-01-15",1295,406,341530,525770,2022,15,1,"Jan","Sat","[01]Jan-15"
"2022-01-16",1059,297,222611.89,314523,2022,16,1,"Jan","Sun","[01]Jan-16"
"2022-01-17",917,257,218264.12,235669,2022,17,1,"Jan","Mon","[01]Jan-17"
"2022-01-18",740,206,176812.68,152440,2022,18,1,"Jan","Tue","[01]Jan-18"
"2022-01-19",929,266,234905.75,247114,2022,19,1,"Jan","Wed","[01]Jan-19"
"2022-01-20",1207,343,300164.92,414001,2022,20,1,"Jan","Thu","[01]Jan-20"
"2022-01-21",1162,392,259655.32,455504,2022,21,1,"Jan","Fri","[01]Jan-21"
"2022-01-22",914,307,188741.11,280598,2022,22,1,"Jan","Sat","[01]Jan-22"
"2022-01-23",1004,260,292745.46,261040,2022,23,1,"Jan","Sun","[01]Jan-23"
"2022-01-24",660,198,127630.94,130680,2022,24,1,"Jan","Mon","[01]Jan-24"
"2022-01-25",839,203,204210.4,170317,2022,25,1,"Jan","Tue","[01]Jan-25"
"2022-01-26",862,229,159975.51,197398,2022,26,1,"Jan","Wed","[01]Jan-26"
"2022-01-27",876,270,198899.08,236520,2022,27,1,"Jan","Thu","[01]Jan-27"
"2022-01-28",974,345,190784.54,336030,2022,28,1,"Jan","Fri","[01]Jan-28"
"2022-01-29",639,216,220590.22,138024,2022,29,1,"Jan","Sat","[01]Jan-29"
"2022-01-30",912,263,154758.05,239856,2022,30,1,"Jan","Sun","[01]Jan-30"
"2022-01-31",843,212,146526.67,178716,2022,31,1,"Jan","Mon","[01]Jan-31"
"2022-02-01",788,201,156998.59,158388,2022,1,2,"Feb","Tue","[02]Feb-01"
"2022-02-02",855,213,235139.07,182115,2022,2,2,"Feb","Wed","[02]Feb-02"
"2022-02-03",1051,294,239819.71,308994,2022,3,2,"Feb","Thu","[02]Feb-03"
"2022-02-04",1275,414,325330.65,527850,2022,4,2,"Feb","Fri","[02]Feb-04"
"2022-02-05",965,308,231792.5,297220,2022,5,2,"Feb","Sat","[02]Feb-05"
"2022-02-06",742,208,157418.19,154336,2022,6,2,"Feb","Sun","[02]Feb-06"
"2022-02-07",829,195,192305.17,161655,2022,7,2,"Feb","Mon","[02]Feb-07"
"2022-02-08",631,163,149104.72,102853,2022,8,2,"Feb","Tue","[02]Feb-08"
"2022-02-09",778,207,167745.38,161046,2022,9,2,"Feb","Wed","[02]Feb-09"
"2022-02-10",1123,299,277846.28,335777,2022,10,2,"Feb","Thu","[02]Feb-10"
"2022-02-11",1095,365,255424.4,399675,2022,11,2,"Feb","Fri","[02]Feb-11"
"2022-02-12",1118,296,277423.97,330928,2022,12,2,"Feb","Sat","[02]Feb-12"
"2022-02-13",735,212,173540.25,155820,2022,13,2,"Feb","Sun","[02]Feb-13"
"2022-02-14",681,189,142006.59,128709,2022,14,2,"Feb","Mon","[02]Feb-14"
"2022-02-15",606,158,156468.72,95748,2022,15,2,"Feb","Tue","[02]Feb-15"
"2022-02-16",798,236,181297.73,188328,2022,16,2,"Feb","Wed","[02]Feb-16"
"2022-02-17",1122,318,282772.82,356796,2022,17,2,"Feb","Thu","[02]Feb-17"
"2022-02-18",1155,363,289196.15,419265,2022,18,2,"Feb","Fri","[02]Feb-18"
"2022-02-19",1004,302,306647.78,303208,2022,19,2,"Feb","Sat","[02]Feb-19"
"2022-02-20",1224,334,312317.39,408816,2022,20,2,"Feb","Sun","[02]Feb-20"
"2022-02-21",979,248,175862.03,242792,2022,21,2,"Feb","Mon","[02]Feb-21"
"2022-02-22",735,175,156455.4,128625,2022,22,2,"Feb","Tue","[02]Feb-22"
"2022-02-23",807,215,161876.11,173505,2022,23,2,"Feb","Wed","[02]Feb-23"
"2022-02-24",1018,294,257471.12,299292,2022,24,2,"Feb","Thu","[02]Feb-24"
"2022-02-25",1196,363,251823.62,434148,2022,25,2,"Feb","Fri","[02]Feb-25"
"2022-02-26",649,198,123757.3,128502,2022,26,2,"Feb","Sat","[02]Feb-26"
"2022-02-27",710,194,142086.31,137740,2022,27,2,"Feb","Sun","[02]Feb-27"
"2022-02-28",682,172,191079.66,117304,2022,28,2,"Feb","Mon","[02]Feb-28"
"2022-03-01",912,240,181833.25,218880,2022,1,3,"Mar","Tue","[03]Mar-01"
"2022-03-02",721,181,133436.14,130501,2022,2,3,"Mar","Wed","[03]Mar-02"
"2022-03-03",943,251,174022.54,236693,2022,3,3,"Mar","Thu","[03]Mar-03"
"2022-03-04",675,228,127177.32,153900,2022,4,3,"Mar","Fri","[03]Mar-04"
"2022-03-05",627,181,115766.95,113487,2022,5,3,"Mar","Sat","[03]Mar-05"
"2022-03-06",637,156,113062.31,99372,2022,6,3,"Mar","Sun","[03]Mar-06"
"2022-03-07",692,194,131134.22,134248,2022,7,3,"Mar","Mon","[03]Mar-07"
"2022-03-08",792,198,144493.16,156816,2022,8,3,"Mar","Tue","[03]Mar-08"
"2022-03-09",838,236,193516.7,197768,2022,9,3,"Mar","Wed","[03]Mar-09"
"2022-03-10",926,279,195425.18,258354,2022,10,3,"Mar","Thu","[03]Mar-10"
"2022-03-11",693,221,146399,153153,2022,11,3,"Mar","Fri","[03]Mar-11"
"2022-03-12",664,185,175445.22,122840,2022,12,3,"Mar","Sat","[03]Mar-12"
"2022-03-13",751,189,170469.41,141939,2022,13,3,"Mar","Sun","[03]Mar-13"
"2022-03-14",647,162,157274.3,104814,2022,14,3,"Mar","Mon","[03]Mar-14"
"2022-03-15",1072,250,240979.47,268000,2022,15,3,"Mar","Tue","[03]Mar-15"
"2022-03-16",681,186,168684.28,126666,2022,16,3,"Mar","Wed","[03]Mar-16"
"2022-03-17",601,174,162933.33,104574,2022,17,3,"Mar","Thu","[03]Mar-17"
"2022-03-18",470,162,125011.09,76140,2022,18,3,"Mar","Fri","[03]Mar-18"
"2022-03-19",845,238,202133.4,201110,2022,19,3,"Mar","Sat","[03]Mar-19"
"2022-03-20",676,184,146667.26,124384,2022,20,3,"Mar","Sun","[03]Mar-20"
"2022-03-21",703,193,148346.55,135679,2022,21,3,"Mar","Mon","[03]Mar-21"
"2022-03-22",795,192,264633.43,152640,2022,22,3,"Mar","Tue","[03]Mar-22"
"2022-03-23",733,189,169137.46,138537,2022,23,3,"Mar","Wed","[03]Mar-23"
"2022-03-24",871,255,203997.11,222105,2022,24,3,"Mar","Thu","[03]Mar-24"
"2022-03-25",744,218,196210.04,162192,2022,25,3,"Mar","Fri","[03]Mar-25"
"2022-03-26",738,208,166959.12,153504,2022,26,3,"Mar","Sat","[03]Mar-26"
"2022-03-27",846,217,177926.06,183582,2022,27,3,"Mar","Sun","[03]Mar-27"
"2022-03-28",676,166,129357.7,112216,2022,28,3,"Mar","Mon","[03]Mar-28"
"2022-03-29",707,157,130676.82,110999,2022,29,3,"Mar","Tue","[03]Mar-29"
"2022-03-30",586,146,154293.05,85556,2022,30,3,"Mar","Wed","[03]Mar-30"
"2022-03-31",1215,284,257269.06,345060,2022,31,3,"Mar","Thu","[03]Mar-31"
"2022-04-01",842,264,214709.82,222288,2022,1,4,"Apr","Fri","[04]Apr-01"
"2022-04-02",1109,307,320491.29,340463,2022,2,4,"Apr","Sat","[04]Apr-02"
"2022-04-03",916,224,202978.31,205184,2022,3,4,"Apr","Sun","[04]Apr-03"
"2022-04-04",1173,266,289309.74,312018,2022,4,4,"Apr","Mon","[04]Apr-04"
"2022-04-05",1232,291,303807.51,358512,2022,5,4,"Apr","Tue","[04]Apr-05"
"2022-04-06",1054,274,251928,288796,2022,6,4,"Apr","Wed","[04]Apr-06"
"2022-04-07",1151,312,298850.83,359112,2022,7,4,"Apr","Thu","[04]Apr-07"
"2022-04-08",1096,304,367365.7,333184,2022,8,4,"Apr","Fri","[04]Apr-08"
"2022-04-09",1643,422,543008.36,693346,2022,9,4,"Apr","Sat","[04]Apr-09"
"2022-04-10",1238,334,376000.58,413492,2022,10,4,"Apr","Sun","[04]Apr-10"
"2022-04-11",1431,398,309491.55,569538,2022,11,4,"Apr","Mon","[04]Apr-11"
"2022-04-12",1166,291,259005.19,339306,2022,12,4,"Apr","Tue","[04]Apr-12"
"2022-04-13",1077,293,279312.72,315561,2022,13,4,"Apr","Wed","[04]Apr-13"
"2022-04-14",1143,331,240341.59,378333,2022,14,4,"Apr","Thu","[04]Apr-14"
"2022-04-15",944,282,230364.89,266208,2022,15,4,"Apr","Fri","[04]Apr-15"
"2022-04-16",971,284,241811.12,275764,2022,16,4,"Apr","Sat","[04]Apr-16"
"2022-04-17",680,220,156365.89,149600,2022,17,4,"Apr","Sun","[04]Apr-17"
"2022-04-18",872,244,213204.78,212768,2022,18,4,"Apr","Mon","[04]Apr-18"
"2022-04-19",867,260,191202.78,225420,2022,19,4,"Apr","Tue","[04]Apr-19"
"2022-04-20",643,218,144968.51,140174,2022,20,4,"Apr","Wed","[04]Apr-20"
"2022-04-21",735,223,196668.65,163905,2022,21,4,"Apr","Thu","[04]Apr-21"
"2022-04-22",623,212,162271.35,132076,2022,22,4,"Apr","Fri","[04]Apr-22"
"2022-04-23",479,154,114259.14,73766,2022,23,4,"Apr","Sat","[04]Apr-23"
"2022-04-24",516,170,119516.69,87720,2022,24,4,"Apr","Sun","[04]Apr-24"
"2022-04-25",555,158,145105.77,87690,2022,25,4,"Apr","Mon","[04]Apr-25"
"2022-04-26",482,143,127526.82,68926,2022,26,4,"Apr","Tue","[04]Apr-26"
"2022-04-27",544,145,122481.55,78880,2022,27,4,"Apr","Wed","[04]Apr-27"
"2022-04-28",660,199,209033.35,131340,2022,28,4,"Apr","Thu","[04]Apr-28"
"2022-04-29",587,193,167076.38,113291,2022,29,4,"Apr","Fri","[04]Apr-29"
"2022-04-30",707,200,167946.63,141400,2022,30,4,"Apr","Sat","[04]Apr-30"
"2022-05-01",1104,300,236611.32,331200,2022,1,5,"May","Sun","[05]May-01"
"2022-05-02",830,225,182020.74,186750,2022,2,5,"May","Mon","[05]May-02"
"2022-05-03",1121,265,209595.09,297065,2022,3,5,"May","Tue","[05]May-03"
"2022-05-04",1146,306,203055.19,350676,2022,4,5,"May","Wed","[05]May-04"
"2022-05-05",1516,427,301972.3,647332,2022,5,5,"May","Thu","[05]May-05"
"2022-05-06",861,271,195755.65,233331,2022,6,5,"May","Fri","[05]May-06"
"2022-05-07",1208,319,220384.06,385352,2022,7,5,"May","Sat","[05]May-07"
"2022-05-08",903,246,175544.63,222138,2022,8,5,"May","Sun","[05]May-08"
"2022-05-09",1114,303,219002.7,337542,2022,9,5,"May","Mon","[05]May-09"
"2022-05-10",1058,257,179702.8,271906,2022,10,5,"May","Tue","[05]May-10"
"2022-05-11",966,306,268023.66,295596,2022,11,5,"May","Wed","[05]May-11"
"2022-05-12",1100,324,260520.35,356400,2022,12,5,"May","Thu","[05]May-12"
"2022-05-13",1012,321,218594.5,324852,2022,13,5,"May","Fri","[05]May-13"
"2022-05-14",885,236,188433.97,208860,2022,14,5,"May","Sat","[05]May-14"
"2022-05-15",960,273,188008.72,262080,2022,15,5,"May","Sun","[05]May-15"
"2022-05-16",933,262,231531.55,244446,2022,16,5,"May","Mon","[05]May-16"
"2022-05-17",842,249,199955.12,209658,2022,17,5,"May","Tue","[05]May-17"
"2022-05-18",782,254,209250.52,198628,2022,18,5,"May","Wed","[05]May-18"
"2022-05-19",982,293,223647.59,287726,2022,19,5,"May","Thu","[05]May-19"
"2022-05-20",804,242,206646.03,194568,2022,20,5,"May","Fri","[05]May-20"
"2022-05-21",758,241,236025.55,182678,2022,21,5,"May","Sat","[05]May-21"
"2022-05-22",532,193,112538.73,102676,2022,22,5,"May","Sun","[05]May-22"
"2022-05-23",676,201,130779.42,135876,2022,23,5,"May","Mon","[05]May-23"
"2022-05-24",905,257,198359.47,232585,2022,24,5,"May","Tue","[05]May-24"
"2022-05-25",708,208,175094.72,147264,2022,25,5,"May","Wed","[05]May-25"
"2022-05-26",1081,319,268620.62,344839,2022,26,5,"May","Thu","[05]May-26"
"2022-05-27",719,222,220629.89,159618,2022,27,5,"May","Fri","[05]May-27"
"2022-05-28",946,239,217439.32,226094,2022,28,5,"May","Sat","[05]May-28"
"2022-05-29",751,202,147564.89,151702,2022,29,5,"May","Sun","[05]May-29"
"2022-05-30",1307,318,201542.05,415626,2022,30,5,"May","Mon","[05]May-30"
"2022-05-31",1535,334,233587.98,512690,2022,31,5,"May","Tue","[05]May-31"
"2022-06-01",1700,393,300667.93,668100,2022,1,6,"Jun","Wed","[06]Jun-01"
"2022-06-02",911,266,172331.75,242326,2022,2,6,"Jun","Thu","[06]Jun-02"
"2022-06-03",656,245,170014.59,160720,2022,3,6,"Jun","Fri","[06]Jun-03"
"2022-06-04",580,182,115611.13,105560,2022,4,6,"Jun","Sat","[06]Jun-04"
"2022-06-05",542,194,130054.43,105148,2022,5,6,"Jun","Sun","[06]Jun-05"
"2022-06-06",609,198,138140.42,120582,2022,6,6,"Jun","Mon","[06]Jun-06"
"2022-06-07",684,212,136386.96,145008,2022,7,6,"Jun","Tue","[06]Jun-07"
"2022-06-08",822,220,182216.35,180840,2022,8,6,"Jun","Wed","[06]Jun-08"
"2022-06-09",865,253,265559.19,218845,2022,9,6,"Jun","Thu","[06]Jun-09"
"2022-06-10",673,219,144878.49,147387,2022,10,6,"Jun","Fri","[06]Jun-10"
"2022-06-11",605,193,154444.01,116765,2022,11,6,"Jun","Sat","[06]Jun-11"
"2022-06-12",608,165,108287.36,100320,2022,12,6,"Jun","Sun","[06]Jun-12"
"2022-06-13",709,215,141366.54,152435,2022,13,6,"Jun","Mon","[06]Jun-13"
"2022-06-14",505,164,98781.42,82820,2022,14,6,"Jun","Tue","[06]Jun-14"
"2022-06-15",543,161,123754.89,87423,2022,15,6,"Jun","Wed","[06]Jun-15"
"2022-06-16",655,188,146139.42,123140,2022,16,6,"Jun","Thu","[06]Jun-16"
"2022-06-17",421,150,92849.88,63150,2022,17,6,"Jun","Fri","[06]Jun-17"
"2022-06-18",531,161,108279.02,85491,2022,18,6,"Jun","Sat","[06]Jun-18"
"2022-06-19",607,135,117373.26,81945,2022,19,6,"Jun","Sun","[06]Jun-19"
"2022-06-20",565,173,132092.16,97745,2022,20,6,"Jun","Mon","[06]Jun-20"
"2022-06-21",476,137,77352.55,65212,2022,21,6,"Jun","Tue","[06]Jun-21"
"2022-06-22",576,170,148005.24,97920,2022,22,6,"Jun","Wed","[06]Jun-22"
"2022-06-23",560,175,124313.96,98000,2022,23,6,"Jun","Thu","[06]Jun-23"
"2022-06-24",415,141,97947.35,58515,2022,24,6,"Jun","Fri","[06]Jun-24"
"2022-06-25",432,126,114656.39,54432,2022,25,6,"Jun","Sat","[06]Jun-25"
"2022-06-26",346,123,82035.17,42558,2022,26,6,"Jun","Sun","[06]Jun-26"
"2022-06-27",549,143,114859.52,78507,2022,27,6,"Jun","Mon","[06]Jun-27"
"2022-06-28",410,121,97381.15,49610,2022,28,6,"Jun","Tue","[06]Jun-28"
"2022-06-29",441,138,121678.39,60858,2022,29,6,"Jun","Wed","[06]Jun-29"
"2022-06-30",535,173,128718.27,92555,2022,30,6,"Jun","Thu","[06]Jun-30"
"2022-07-01",543,158,147795.17,85794,2022,1,7,"Jul","Fri","[07]Jul-01"
"2022-07-02",481,140,124041.12,67340,2022,2,7,"Jul","Sat","[07]Jul-02"
"2022-07-03",433,139,101764.65,60187,2022,3,7,"Jul","Sun","[07]Jul-03"
"2022-07-04",468,159,113349.39,74412,2022,4,7,"Jul","Mon","[07]Jul-04"
"2022-07-05",447,150,99955,67050,2022,5,7,"Jul","Tue","[07]Jul-05"
"2022-07-06",447,155,109453.16,69285,2022,6,7,"Jul","Wed","[07]Jul-06"
"2022-07-07",607,182,148250.3,110474,2022,7,7,"Jul","Thu","[07]Jul-07"
"2022-07-08",512,172,138256.74,88064,2022,8,7,"Jul","Fri","[07]Jul-08"
"2022-07-09",690,228,198255.48,157320,2022,9,7,"Jul","Sat","[07]Jul-09"
"2022-07-10",644,214,184204.42,137816,2022,10,7,"Jul","Sun","[07]Jul-10"
"2022-07-11",603,228,185681.64,137484,2022,11,7,"Jul","Mon","[07]Jul-11"
"2022-07-12",571,199,180965.85,113629,2022,12,7,"Jul","Tue","[07]Jul-12"
"2022-07-13",434,182,115302.19,78988,2022,13,7,"Jul","Wed","[07]Jul-13"
"2022-07-14",549,204,208372.21,111996,2022,14,7,"Jul","Thu","[07]Jul-14"
"2022-07-15",650,234,195370.51,152100,2022,15,7,"Jul","Fri","[07]Jul-15"
"2022-07-16",703,257,267200.83,180671,2022,16,7,"Jul","Sat","[07]Jul-16"
"2022-07-17",520,210,147508.51,109200,2022,17,7,"Jul","Sun","[07]Jul-17"
"2022-07-18",660,279,200915.83,184140,2022,18,7,"Jul","Mon","[07]Jul-18"
"2022-07-19",557,210,156770.76,116970,2022,19,7,"Jul","Tue","[07]Jul-19"
"2022-07-20",710,259,230038.44,183890,2022,20,7,"Jul","Wed","[07]Jul-20"
"2022-07-21",602,247,166595.76,148694,2022,21,7,"Jul","Thu","[07]Jul-21"
"2022-07-22",553,235,171489.13,129955,2022,22,7,"Jul","Fri","[07]Jul-22"
"2022-07-23",698,268,270860.09,187064,2022,23,7,"Jul","Sat","[07]Jul-23"
"2022-07-24",802,287,205240.06,230174,2022,24,7,"Jul","Sun","[07]Jul-24"
"2022-07-25",753,261,243691.64,196533,2022,25,7,"Jul","Mon","[07]Jul-25"
"2022-07-26",673,267,221423.84,179691,2022,26,7,"Jul","Tue","[07]Jul-26"
"2022-07-27",640,282,190901.92,180480,2022,27,7,"Jul","Wed","[07]Jul-27"
"2022-07-28",629,278,181483.86,174862,2022,28,7,"Jul","Thu","[07]Jul-28"
"2022-07-29",637,277,197298.71,176449,2022,29,7,"Jul","Fri","[07]Jul-29"
"2022-07-30",734,271,217955.95,198914,2022,30,7,"Jul","Sat","[07]Jul-30"
"2022-07-31",790,320,221800.17,252800,2022,31,7,"Jul","Sun","[07]Jul-31"
"2022-08-01",902,322,248269.74,290444,2022,1,8,"Aug","Mon","[08]Aug-01"
"2022-08-02",736,318,262478.08,234048,2022,2,8,"Aug","Tue","[08]Aug-02"
"2022-08-03",724,297,210859.18,215028,2022,3,8,"Aug","Wed","[08]Aug-03"
"2022-08-04",816,344,220136.3,280704,2022,4,8,"Aug","Thu","[08]Aug-04"
"2022-08-05",622,300,179654.39,186600,2022,5,8,"Aug","Fri","[08]Aug-05"
"2022-08-06",768,329,247846.03,252672,2022,6,8,"Aug","Sat","[08]Aug-06"
"2022-08-07",714,308,219102.37,219912,2022,7,8,"Aug","Sun","[08]Aug-07"
"2022-08-08",828,319,247196.62,264132,2022,8,8,"Aug","Mon","[08]Aug-08"
"2022-08-09",760,326,186812.52,247760,2022,9,8,"Aug","Tue","[08]Aug-09"
"2022-08-10",677,254,240684.69,171958,2022,10,8,"Aug","Wed","[08]Aug-10"
"2022-08-11",677,283,187158.43,191591,2022,11,8,"Aug","Thu","[08]Aug-11"
"2022-08-12",638,258,255678.36,164604,2022,12,8,"Aug","Fri","[08]Aug-12"
"2022-08-13",645,264,188738.17,170280,2022,13,8,"Aug","Sat","[08]Aug-13"
"2022-08-14",612,261,186335.28,159732,2022,14,8,"Aug","Sun","[08]Aug-14"
"2022-08-15",696,252,204430.46,175392,2022,15,8,"Aug","Mon","[08]Aug-15"
"2022-08-16",512,210,138051.51,107520,2022,16,8,"Aug","Tue","[08]Aug-16"
"2022-08-17",470,181,121064.72,85070,2022,17,8,"Aug","Wed","[08]Aug-17"
"2022-08-18",444,176,116600.39,78144,2022,18,8,"Aug","Thu","[08]Aug-18"
"2022-08-19",537,200,155283.8,107400,2022,19,8,"Aug","Fri","[08]Aug-19"
"2022-08-20",593,161,132115.24,95473,2022,20,8,"Aug","Sat","[08]Aug-20"
"2022-08-21",483,177,98307.58,85491,2022,21,8,"Aug","Sun","[08]Aug-21"
"2022-08-22",495,163,106393.57,80685,2022,22,8,"Aug","Mon","[08]Aug-22"
"2022-08-23",512,174,119230.35,89088,2022,23,8,"Aug","Tue","[08]Aug-23"
"2022-08-24",432,132,112391.89,57024,2022,24,8,"Aug","Wed","[08]Aug-24"
"2022-08-25",484,162,104569.05,78408,2022,25,8,"Aug","Thu","[08]Aug-25"
"2022-08-26",301,110,77649.79,33110,2022,26,8,"Aug","Fri","[08]Aug-26"
"2022-08-27",376,89,76095.02,33464,2022,27,8,"Aug","Sat","[08]Aug-27"
"2022-08-28",226,82,43829.02,18532,2022,28,8,"Aug","Sun","[08]Aug-28"
"2022-08-29",322,96,67845.53,30912,2022,29,8,"Aug","Mon","[08]Aug-29"
"2022-08-30",261,82,59060.31,21402,2022,30,8,"Aug","Tue","[08]Aug-30"
"2022-08-31",273,87,59756.2,23751,2022,31,8,"Aug","Wed","[08]Aug-31"
"2022-09-01",469,131,96118.39,61439,2022,1,9,"Sep","Thu","[09]Sep-01"
"2022-09-02",351,123,79043.9,43173,2022,2,9,"Sep","Fri","[09]Sep-02"
"2022-09-03",369,118,81540.5,43542,2022,3,9,"Sep","Sat","[09]Sep-03"
"2022-09-04",319,99,51880.81,31581,2022,4,9,"Sep","Sun","[09]Sep-04"
"2022-09-05",604,161,118058.97,97244,2022,5,9,"Sep","Mon","[09]Sep-05"
"2022-09-06",542,171,138858.39,92682,2022,6,9,"Sep","Tue","[09]Sep-06"
"2022-09-07",419,131,79975.45,54889,2022,7,9,"Sep","Wed","[09]Sep-07"
"2022-09-08",598,172,155232.83,102856,2022,8,9,"Sep","Thu","[09]Sep-08"
"2022-09-09",507,176,130757.28,89232,2022,9,9,"Sep","Fri","[09]Sep-09"
"2022-09-10",407,112,87112.51,45584,2022,10,9,"Sep","Sat","[09]Sep-10"
"2022-09-11",512,165,101859.88,84480,2022,11,9,"Sep","Sun","[09]Sep-11"
"2022-09-12",512,174,107704.56,89088,2022,12,9,"Sep","Mon","[09]Sep-12"
"2022-09-13",403,126,89548.48,50778,2022,13,9,"Sep","Tue","[09]Sep-13"
"2022-09-14",422,141,110591.43,59502,2022,14,9,"Sep","Wed","[09]Sep-14"
"2022-09-15",511,159,121489.85,81249,2022,15,9,"Sep","Thu","[09]Sep-15"
"2022-09-16",375,136,100603.95,51000,2022,16,9,"Sep","Fri","[09]Sep-16"
"2022-09-17",546,147,99980.42,80262,2022,17,9,"Sep","Sat","[09]Sep-17"
"2022-09-18",511,145,91844.7,74095,2022,18,9,"Sep","Sun","[09]Sep-18"
"2022-09-19",510,172,94457.19,87720,2022,19,9,"Sep","Mon","[09]Sep-19"
"2022-09-20",421,129,96048.1,54309,2022,20,9,"Sep","Tue","[09]Sep-20"
"2022-09-21",359,131,86045.31,47029,2022,21,9,"Sep","Wed","[09]Sep-21"
"2022-09-22",327,102,69069.85,33354,2022,22,9,"Sep","Thu","[09]Sep-22"
"2022-09-23",331,108,90091.72,35748,2022,23,9,"Sep","Fri","[09]Sep-23"
"2022-09-24",469,127,95290.89,59563,2022,24,9,"Sep","Sat","[09]Sep-24"
"2022-09-25",325,98,59193.24,31850,2022,25,9,"Sep","Sun","[09]Sep-25"
"2022-09-26",384,127,78076.2,48768,2022,26,9,"Sep","Mon","[09]Sep-26"
"2022-09-27",296,90,67687.86,26640,2022,27,9,"Sep","Tue","[09]Sep-27"
"2022-09-28",312,98,67943.62,30576,2022,28,9,"Sep","Wed","[09]Sep-28"
"2022-09-29",330,86,92006.42,28380,2022,29,9,"Sep","Thu","[09]Sep-29"
"2022-09-30",360,113,73871.68,40680,2022,30,9,"Sep","Fri","[09]Sep-30"
"2022-10-01",389,122,98231.71,47458,2022,1,10,"Oct","Sat","[10]Oct-01"
"2022-10-02",309,77,64153.9,23793,2022,2,10,"Oct","Sun","[10]Oct-02"
"2022-10-03",228,75,63204.2,17100,2022,3,10,"Oct","Mon","[10]Oct-03"
"2022-10-04",282,97,57952.77,27354,2022,4,10,"Oct","Tue","[10]Oct-04"
"2022-10-05",362,85,84123.13,30770,2022,5,10,"Oct","Wed","[10]Oct-05"
"2022-10-06",238,67,53898.87,15946,2022,6,10,"Oct","Thu","[10]Oct-06"
"2022-10-07",187,57,51803.88,10659,2022,7,10,"Oct","Fri","[10]Oct-07"
"2022-10-08",363,80,105622.53,29040,2022,8,10,"Oct","Sat","[10]Oct-08"
"2022-10-09",166,49,48079.55,8134,2022,9,10,"Oct","Sun","[10]Oct-09"
"2022-10-10",272,71,64549.31,19312,2022,10,10,"Oct","Mon","[10]Oct-10"
"2022-10-11",177,49,29803.03,8673,2022,11,10,"Oct","Tue","[10]Oct-11"
"2022-10-12",146,50,43890.45,7300,2022,12,10,"Oct","Wed","[10]Oct-12"
"2022-10-13",249,68,53902.84,16932,2022,13,10,"Oct","Thu","[10]Oct-13"
"2022-10-14",204,50,58937.41,10200,2022,14,10,"Oct","Fri","[10]Oct-14"
"2022-10-15",261,64,96665.82,16704,2022,15,10,"Oct","Sat","[10]Oct-15"
"2022-10-16",143,42,32967.72,6006,2022,16,10,"Oct","Sun","[10]Oct-16"
"2022-10-17",201,46,58111.88,9246,2022,17,10,"Oct","Mon","[10]Oct-17"
"2022-10-18",208,61,79527.32,12688,2022,18,10,"Oct","Tue","[10]Oct-18"
"2022-10-19",138,43,46161.19,5934,2022,19,10,"Oct","Wed","[10]Oct-19"
"2022-10-20",145,42,44307.02,6090,2022,20,10,"Oct","Thu","[10]Oct-20"
"2022-10-21",156,37,35107.32,5772,2022,21,10,"Oct","Fri","[10]Oct-21"
"2022-10-22",308,63,80322.09,19404,2022,22,10,"Oct","Sat","[10]Oct-22"
"2022-10-23",103,29,19710.54,2987,2022,23,10,"Oct","Sun","[10]Oct-23"
"2022-10-24",183,41,44307.8,7503,2022,24,10,"Oct","Mon","[10]Oct-24"
"2022-10-25",133,39,33182.39,5187,2022,25,10,"Oct","Tue","[10]Oct-25"
"2022-10-26",146,47,45567.25,6862,2022,26,10,"Oct","Wed","[10]Oct-26"
"2022-10-27",125,32,40594.1,4000,2022,27,10,"Oct","Thu","[10]Oct-27"
"2022-10-28",99,22,27314.31,2178,2022,28,10,"Oct","Fri","[10]Oct-28"
"2022-10-29",209,63,56653.5,13167,2022,29,10,"Oct","Sat","[10]Oct-29"
"2022-10-30",130,38,31070.52,4940,2022,30,10,"Oct","Sun","[10]Oct-30"
"2022-10-31",66,19,12956.09,1254,2022,31,10,"Oct","Mon","[10]Oct-31"
"2022-11-01",87,24,14137.64,2088,2022,1,11,"Nov","Tue","[11]Nov-01"
"2022-11-02",92,28,17712.68,2576,2022,2,11,"Nov","Wed","[11]Nov-02"
"2022-11-03",67,20,14812.77,1340,2022,3,11,"Nov","Thu","[11]Nov-03"
"2022-11-04",96,30,24448.46,2880,2022,4,11,"Nov","Fri","[11]Nov-04"
"2022-11-05",140,30,26561.85,4200,2022,5,11,"Nov","Sat","[11]Nov-05"
"2022-11-06",67,20,7319.69,1340,2022,6,11,"Nov","Sun","[11]Nov-06"
"2022-11-07",71,20,15796.5,1420,2022,7,11,"Nov","Mon","[11]Nov-07"
"2022-11-08",51,11,9159.85,561,2022,8,11,"Nov","Tue","[11]Nov-08"
"2022-11-09",79,16,15652.37,1264,2022,9,11,"Nov","Wed","[11]Nov-09"
"2022-11-10",94,21,28382.31,1974,2022,10,11,"Nov","Thu","[11]Nov-10"
"2022-11-11",78,18,14073.81,1404,2022,11,11,"Nov","Fri","[11]Nov-11"
"2022-11-12",46,19,11178.98,874,2022,12,11,"Nov","Sat","[11]Nov-12"
"2022-11-13",68,15,15414.31,1020,2022,13,11,"Nov","Sun","[11]Nov-13"
"2022-11-14",190,42,26699.18,7980,2022,14,11,"Nov","Mon","[11]Nov-14"
"2022-11-15",47,18,9223.54,846,2022,15,11,"Nov","Tue","[11]Nov-15"
"2022-11-16",29,10,5961.45,290,2022,16,11,"Nov","Wed","[11]Nov-16"
"2022-11-17",138,32,23914.93,4416,2022,17,11,"Nov","Thu","[11]Nov-17"
"2022-11-18",68,13,11340.52,884,2022,18,11,"Nov","Fri","[11]Nov-18"
"2022-11-19",69,15,19159.5,1035,2022,19,11,"Nov","Sat","[11]Nov-19"
"2022-11-20",183,43,33367.96,7869,2022,20,11,"Nov","Sun","[11]Nov-20"
"2022-11-21",121,33,28395.13,3993,2022,21,11,"Nov","Mon","[11]Nov-21"
"2022-11-22",136,28,22035.52,3808,2022,22,11,"Nov","Tue","[11]Nov-22"
"2022-11-23",102,28,32634.41,2856,2022,23,11,"Nov","Wed","[11]Nov-23"
"2022-11-24",74,25,11129.34,1850,2022,24,11,"Nov","Thu","[11]Nov-24"
"2022-11-25",24,7,5680.21,168,2022,25,11,"Nov","Fri","[11]Nov-25"
"2022-11-26",68,22,21929.57,1496,2022,26,11,"Nov","Sat","[11]Nov-26"
"2022-11-27",35,11,9281.71,385,2022,27,11,"Nov","Sun","[11]Nov-27"
"2022-11-28",41,9,4846.32,369,2022,28,11,"Nov","Mon","[11]Nov-28"
"2022-11-29",53,13,20540.42,689,2022,29,11,"Nov","Tue","[11]Nov-29"
"2022-11-30",62,12,17748.24,744,2022,30,11,"Nov","Wed","[11]Nov-30"
"2022-12-01",101,24,22265.78,2424,2022,1,12,"Dec","Thu","[12]Dec-01"
"2022-12-02",47,10,7805.58,470,2022,2,12,"Dec","Fri","[12]Dec-02"
"2022-12-03",94,21,29462.02,1974,2022,3,12,"Dec","Sat","[12]Dec-03"
"2022-12-04",62,17,19629.45,1054,2022,4,12,"Dec","Sun","[12]Dec-04"
"2022-12-05",65,13,16429.32,845,2022,5,12,"Dec","Mon","[12]Dec-05"
"2022-12-06",37,8,15913.41,296,2022,6,12,"Dec","Tue","[12]Dec-06"
"2022-12-07",19,6,3385.63,114,2022,7,12,"Dec","Wed","[12]Dec-07"
"2022-12-08",61,16,16739.89,976,2022,8,12,"Dec","Thu","[12]Dec-08"
"2022-12-09",22,9,10525.97,198,2022,9,12,"Dec","Fri","[12]Dec-09"
"2022-12-10",53,9,9088.2,477,2022,10,12,"Dec","Sat","[12]Dec-10"
"2022-12-11",36,7,6548.03,252,2022,11,12,"Dec","Sun","[12]Dec-11"
"2022-12-12",41,7,22674.43,287,2022,12,12,"Dec","Mon","[12]Dec-12"
"2022-12-13",71,15,14940.34,1065,2022,13,12,"Dec","Tue","[12]Dec-13"
"2022-12-14",83,21,24691.31,1743,2022,14,12,"Dec","Wed","[12]Dec-14"
"2022-12-15",45,16,7272.09,720,2022,15,12,"Dec","Thu","[12]Dec-15"
"2022-12-16",19,10,6740.7,190,2022,16,12,"Dec","Fri","[12]Dec-16"
"2022-12-17",29,10,6910.49,290,2022,17,12,"Dec","Sat","[12]Dec-17"
"2022-12-18",42,13,12119.49,546,2022,18,12,"Dec","Sun","[12]Dec-18"
"2022-12-19",18,11,5428.02,198,2022,19,12,"Dec","Mon","[12]Dec-19"
"2022-12-20",9,2,3661.61,18,2022,20,12,"Dec","Tue","[12]Dec-20"
"2022-12-21",7,3,3334.02,21,2022,21,12,"Dec","Wed","[12]Dec-21"
"2022-12-22",47,11,24157.22,517,2022,22,12,"Dec","Thu","[12]Dec-22"
"2022-12-23",69,15,21868.98,1035,2022,23,12,"Dec","Fri","[12]Dec-23"
"2022-12-24",30,8,11199.58,240,2022,24,12,"Dec","Sat","[12]Dec-24"
"2022-12-25",14,3,3666.51,42,2022,25,12,"Dec","Sun","[12]Dec-25"
"2022-12-26",102,21,34021.49,2142,2022,26,12,"Dec","Mon","[12]Dec-26"
"2022-12-27",73,13,35328.29,949,2022,27,12,"Dec","Tue","[12]Dec-27"
"2022-12-28",53,11,14108.57,583,2022,28,12,"Dec","Wed","[12]Dec-28"
"2022-12-29",30,7,6093.53,210,2022,29,12,"Dec","Thu","[12]Dec-29"
"2022-12-30",38,10,11865.44,380,2022,30,12,"Dec","Fri","[12]Dec-30"
"2022-12-31",17,4,7347.36,68,2022,31,12,"Dec","Sat","[12]Dec-31"
"2023-01-01",1,1,295.07,1,2023,1,1,"Jan","Sun","[01]Jan-01"
"2023-01-02",7,2,1083.66,14,2023,2,1,"Jan","Mon","[01]Jan-02"
"2023-01-03",5,3,1186.62,15,2023,3,1,"Jan","Tue","[01]Jan-03"
"2023-01-04",24,8,4714.98,192,2023,4,1,"Jan","Wed","[01]Jan-04"
"2023-01-05",3,1,415.74,3,2023,5,1,"Jan","Thu","[01]Jan-05"
"2023-01-07",10,2,1569.45,20,2023,7,1,"Jan","Sat","[01]Jan-07"
"2023-01-08",10,4,3360.08,40,2023,8,1,"Jan","Sun","[01]Jan-08"
"2023-01-09",25,6,4744.97,150,2023,9,1,"Jan","Mon","[01]Jan-09"
"2023-01-10",3,1,718.2,3,2023,10,1,"Jan","Tue","[01]Jan-10"
"2023-01-11",3,1,1001.45,3,2023,11,1,"Jan","Wed","[01]Jan-11"
"2023-01-13",3,1,625.35,3,2023,13,1,"Jan","Fri","[01]Jan-13"
"2023-01-14",5,6,1744.03,30,2023,14,1,"Jan","Sat","[01]Jan-14"
"2023-01-15",6,4,1046.07,24,2023,15,1,"Jan","Sun","[01]Jan-15"
"2023-01-16",1,1,128.1,1,2023,16,1,"Jan","Mon","[01]Jan-16"
"2023-01-18",3,1,1895.55,3,2023,18,1,"Jan","Wed","[01]Jan-18"
"2023-01-22",4,2,1733.9,8,2023,22,1,"Jan","Sun","[01]Jan-22"
"2023-01-25",3,1,551.88,3,2023,25,1,"Jan","Wed","[01]Jan-25"
"2023-01-26",5,2,1172.22,10,2023,26,1,"Jan","Thu","[01]Jan-26"
"2023-01-27",1,1,244.83,1,2023,27,1,"Jan","Fri","[01]Jan-27"
"2023-01-28",31,8,9243.11,248,2023,28,1,"Jan","Sat","[01]Jan-28"
"2023-01-29",3,1,420.15,3,2023,29,1,"Jan","Sun","[01]Jan-29"
"2023-01-30",12,4,1778.04,48,2023,30,1,"Jan","Mon","[01]Jan-30"
"2023-01-31",8,2,2574.6,16,2023,31,1,"Jan","Tue","[01]Jan-31"
"2023-02-03",1,1,359.11,1,2023,3,2,"Feb","Fri","[02]Feb-03"
"2023-02-04",7,5,1683.08,35,2023,4,2,"Feb","Sat","[02]Feb-04"
"2023-02-06",23,7,6733.02,161,2023,6,2,"Feb","Mon","[02]Feb-06"
"2023-02-09",4,6,1153.27,24,2023,9,2,"Feb","Thu","[02]Feb-09"
"2023-02-10",2,3,1073.88,6,2023,10,2,"Feb","Fri","[02]Feb-10"
"2023-02-11",15,5,3566.1,75,2023,11,2,"Feb","Sat","[02]Feb-11"
"2023-02-13",14,7,6781.7,98,2023,13,2,"Feb","Mon","[02]Feb-13"
"2023-02-16",7,1,1591.45,7,2023,16,2,"Feb","Thu","[02]Feb-16"
"2023-02-18",1,1,360.17,1,2023,18,2,"Feb","Sat","[02]Feb-18"
"2023-02-21",2,2,478.8,4,2023,21,2,"Feb","Tue","[02]Feb-21"
"2023-02-22",2,2,592.68,4,2023,22,2,"Feb","Wed","[02]Feb-22"
"2023-02-24",1,1,219.5,1,2023,24,2,"Feb","Fri","[02]Feb-24"
"2023-02-27",8,3,1486.51,24,2023,27,2,"Feb","Mon","[02]Feb-27"
"2023-03-02",3,1,552.9,3,2023,2,3,"Mar","Thu","[03]Mar-02"
"2023-03-04",3,1,665.04,3,2023,4,3,"Mar","Sat","[03]Mar-04"
"2023-03-05",4,2,774.92,8,2023,5,3,"Mar","Sun","[03]Mar-05"
"2023-03-06",12,1,1672.91,12,2023,6,3,"Mar","Mon","[03]Mar-06"
"2023-03-07",6,1,1436.92,6,2023,7,3,"Mar","Tue","[03]Mar-07"
"2023-03-11",3,1,1082.94,3,2023,11,3,"Mar","Sat","[03]Mar-11"
"2023-03-12",20,2,3990.68,40,2023,12,3,"Mar","Sun","[03]Mar-12"
"2023-03-16",1,1,157.07,1,2023,16,3,"Mar","Thu","[03]Mar-16"
"2023-03-19",11,1,12926.76,11,2023,19,3,"Mar","Sun","[03]Mar-19"
"2023-03-21",7,1,1897.48,7,2023,21,3,"Mar","Tue","[03]Mar-21"
"2023-03-22",5,1,1067.46,5,2023,22,3,"Mar","Wed","[03]Mar-22"
"2023-03-23",4,2,918.89,8,2023,23,3,"Mar","Thu","[03]Mar-23"
"2023-03-24",7,1,1278.71,7,2023,24,3,"Mar","Fri","[03]Mar-24"
"2023-03-25",2,1,256.2,2,2023,25,3,"Mar","Sat","[03]Mar-25"
"2023-03-28",9,1,1436.67,9,2023,28,3,"Mar","Tue","[03]Mar-28"
"2023-04-01",37,6,6331.49,222,2023,1,4,"Apr","Sat","[04]Apr-01"
"2023-04-07",6,5,2417.83,30,2023,7,4,"Apr","Fri","[04]Apr-07"
"2023-04-08",12,2,5518.92,24,2023,8,4,"Apr","Sat","[04]Apr-08"
"2023-04-09",10,2,3699.62,20,2023,9,4,"Apr","Sun","[04]Apr-09"
"2023-04-10",6,4,3439.44,24,2023,10,4,"Apr","Mon","[04]Apr-10"
"2023-04-12",3,1,617.34,3,2023,12,4,"Apr","Wed","[04]Apr-12"
"2023-04-14",1,1,261.06,1,2023,14,4,"Apr","Fri","[04]Apr-14"
"2023-04-15",8,3,1450.14,24,2023,15,4,"Apr","Sat","[04]Apr-15"
"2023-04-18",6,1,945.78,6,2023,18,4,"Apr","Tue","[04]Apr-18"
"2023-04-21",2,1,304.22,2,2023,21,4,"Apr","Fri","[04]Apr-21"
"2023-04-22",3,1,783.18,3,2023,22,4,"Apr","Sat","[04]Apr-22"
"2023-04-25",2,1,801.14,2,2023,25,4,"Apr","Tue","[04]Apr-25"
"2023-04-26",2,1,307.8,2,2023,26,4,"Apr","Wed","[04]Apr-26"
"2023-04-28",9,6,3348.18,54,2023,28,4,"Apr","Fri","[04]Apr-28"
"2023-04-30",4,1,671.92,4,2023,30,4,"Apr","Sun","[04]Apr-30"
"2023-05-02",3,1,947.7,3,2023,2,5,"May","Tue","[05]May-02"
"2023-05-07",9,2,2967.9,18,2023,7,5,"May","Sun","[05]May-07"
"2023-05-08",4,1,1402.56,4,2023,8,5,"May","Mon","[05]May-08"
"2023-05-09",13,6,2791.77,78,2023,9,5,"May","Tue","[05]May-09"
"2023-05-14",3,1,1895.55,3,2023,14,5,"May","Sun","[05]May-14"
"2023-05-16",1,1,351,1,2023,16,5,"May","Tue","[05]May-16"
"2023-05-20",28,2,4302.66,56,2023,20,5,"May","Sat","[05]May-20"
"2023-06-01",2,1,954.66,2,2023,1,6,"Jun","Thu","[06]Jun-01"
"2023-06-05",7,3,5854.95,21,2023,5,6,"Jun","Mon","[06]Jun-05"
"2023-06-10",1,1,459.85,1,2023,10,6,"Jun","Sat","[06]Jun-10"
"2023-07-12",2,1,1011.6,2,2023,12,7,"Jul","Wed","[07]Jul-12"
"2023-07-27",1,1,505.8,1,2023,27,7,"Jul","Thu","[07]Jul-27"
"2023-07-31",12,1,1488.39,12,2023,31,7,"Jul","Mon","[07]Jul-31"
"2023-08-02",32,6,10738.2,192,2023,2,8,"Aug","Wed","[08]Aug-02"
"2023-08-13",14,1,1268.82,14,2023,13,8,"Aug","Sun","[08]Aug-13"
"2023-08-27",7,1,2074.59,7,2023,27,8,"Aug","Sun","[08]Aug-27"
"2023-09-06",63,3,4864.86,189,2023,6,9,"Sep","Wed","[09]Sep-06"
"2023-09-12",1,1,432.9,1,2023,12,9,"Sep","Tue","[09]Sep-12"
"2023-09-18",3,1,1298.97,3,2023,18,9,"Sep","Mon","[09]Sep-18"
"2023-09-20",7,1,772.2,7,2023,20,9,"Sep","Wed","[09]Sep-20"
"2023-09-24",14,1,1518.3,14,2023,24,9,"Sep","Sun","[09]Sep-24"
"2023-10-08",6,1,1883.28,6,2023,8,10,"Oct","Sun","[10]Oct-08"
"2023-10-19",14,1,2702.7,14,2023,19,10,"Oct","Thu","[10]Oct-19"
"2023-10-26",8,1,1046.43,8,2023,26,10,"Oct","Thu","[10]Oct-26"
"2023-11-03",2,1,579.6,2,2023,3,11,"Nov","Fri","[11]Nov-03"
"2023-11-06",10,1,2913.8,10,2023,6,11,"Nov","Mon","[11]Nov-06"
