City,Latitude,Longitude
Fremont,37.5482697,-121.988571
Norton,39.7944702,-99.9100033
Warsaw,52.2319581,21.0067249
Valle,13.5110996,-87.54729253516118
Gardena,33.8963593,-118.3053037
Walnut Creek,37.9020731,-122.0618702
Abu Dhabi,24.4538352,54.3774014
Monterrey,25.6802019,-100.315258
Manteca,37.7986184,-121.2117148
Milpitas,37.4332273,-121.8989248
Bartonsville,39.389387,-77.34299500372168
Grace Bay,21.7965249,-72.17850091889127
Edna,28.9772626,-96.6462526
San Diego,32.7174202,-117.1627728
Idaho Falls,43.4887907,-112.03628
Jupiter,26.9260832,-80.12108914060954
Alphen Aan Den Rijn,52.1131403,4.6408411999450685
Captiva Island,26.5275781,-82.1948171
Lexington,38.0464066,-84.4970393
Trois Rivieres,46.3715918,-72.6005021
Towson,39.396459050000004,-76.61481481790992
Groton,41.3501598,-72.0761998
Tigard,45.4307473,-122.771933
Linthicum,39.210579749999994,-76.66257353664076
Fairfield,39.7886111,-82.6418883
Seattle,47.6038321,-122.3300624
La Pine,43.6703995,-121.503636
Bal Harbour,-28.0261122,153.4226224
Chapel Hill,35.9131542,-79.05578
Anguilla,18.1954947,-63.0750234
Tlalnepantla,19.029783799999997,-98.98581963546584
Kingston,17.9712148,-76.7928128
Plymouth,50.3712659,-4.1425658
Stamford,41.0534302,-73.5387341
Austin,30.2711286,-97.7436995
Montreal,45.5031824,-73.5698065
Sunny Isles Beach,25.9426915,-80.1218486
Troy,39.957373950000004,26.238017461011644
Nanjing,32.0615652,118.7915079
Stone Mountain,33.8062166,-84.1457505
Bellevue,47.6144219,-122.192337
Renton,47.4799078,-122.2034496
Newport News,36.9775016,-76.42977
Kearney,40.4906216,-98.9472344
Bandon,-6.9344694,107.6049539
Culiacan,24.7978965,-107.393395
Mt.Crested Butte,38.9076593,-106.9690519
Savannah,32.0809263,-81.0911768
Duncanville,32.6518004,-96.9083366
North Las Vegas,36.2005843,-115.121584
Hertfordshire,51.840052299999996,-0.09785519224523963
Springfield,39.7990175,-89.6439575
Rio De Janeiro,-22.9110137,-43.2093727
Boulder City,35.9787638,-114.8337739
Lockhart,29.8832105,-97.6736292
Ottawa,45.3969506,-75.6851593
Burlington,44.4761601,-73.212906
Battle Ground,45.7813532,-122.5337433
Gurgaon,28.42826235,77.00270014657752
Reston,38.955696,-77.34188283719988
Peoria,40.6938609,-89.5891008
Rotterdam,51.9244424,4.47775
Lynchburg,37.4137536,-79.1422464
Oacoma,43.796109,-99.39533
Primm,35.6115884,-115.3858615
Victoria,-36.5986096,144.6780052
Santa Rosa,38.4404925,-122.7141049
Mckinney,33.1976496,-96.6154471
Gateway,26.5801741,-81.73882374764526
Binghamton,42.0987125,-75.9125262
Pittsburgh,40.4416941,-79.9900861
Saraland,30.820742,-88.0705556
Ocean City,39.2776156,-74.5746001
Sanibel Island,26.440359,-82.1137049
Rapid City,44.0869329,-103.2274481
Erlanger,39.0167275,-84.6007773
New York,40.7127281,-74.0060152
Omaha,41.2587459,-95.9383758
Avon,48.4048867,2.7207225
Palestine,31.462420950000002,34.262716572130714
Anderson,31.7819242,-95.6258199
Warwick,52.2814519,-1.5815742
Denver,39.7392364,-104.9848623
Pigeon Forge,35.7884241,-83.5543329
Clive,41.6096559,-93.7754644
Doral,25.8195424,-80.3553302
Egg Harbor Township,39.3820672,-74.6171489
Ramat Gan,32.0686867,34.8246812
Yucca Valley,34.1236205,-116.4139839
Oakbrook,39.1806323,-81.5206784
Carolina Beach,34.0351727,-77.8935966
Bradenton,27.4989278,-82.5748194
Sherman Oaks,34.1508718,-118.4489865
Beaver Creek,39.6048786,-106.51500172410503
Yosemite National Park,37.84054795,-119.51658779802511
Hampton,37.0300969,-76.3452057
"Maui, Lahaina",20.88717735,-156.6748023632949
Portarlington,53.162222,-7.191111
Delta,33.3926893,-95.6749486
Venice Mestre,45.4943063,12.2418053
Dubuque,42.5006243,-90.6647985
Saint Robert,45.2549408,1.2935658
Fargo,46.877229,-96.789821
Oranjestad,12.5268736,-70.0356845
Incline Village,39.2501246,-119.951909
Bluffton,46.4691278,-95.2330859
Ancona,43.480120400000004,13.218790609151764
Sydney,-33.8698439,151.2082848
St. Louis,38.6264256,-90.1995853
Delaware,38.6920451,-75.4013315
California,36.7014631,-118.755997
Las Vegas,36.1672559,-115.148516
Marble Falls,30.5777511,-98.2756505
Urbana,40.1117174,-88.207301
Buena Park,33.870413,-117.9962165
Brindisi,40.63591975,17.688443357842537
South Plainfield,40.5792701,-74.4115401
Ponce,18.011564,-66.613958
Irvine,33.6856969,-117.8259819
Big Sky,45.2589644,-111.308725
Estes Park,40.3771926,-105.523216
Rahway,40.6081591,-74.2776468
Cambridge,52.2055314,0.1186637
Jackson,32.2990021,-90.1847691
Durham,35.996653,-78.9018053
Toledo,39.8560679,-4.0239568
Rosemead,34.0676169,-118.0879763
Hamburg,53.550341,10.000654
Townsend,35.6753657,-83.7557282
Odessa,46.4843023,30.7322878
Santa Maria,-29.6860512,-53.8069214
Mathis,28.0942916,-97.8274111
Torrance,33.8358492,-118.3406288
Dresden,51.0493286,13.7381437
Salina,38.8402805,-97.6114237
Ramat Hasharon,32.134855200000004,34.83019949563153
Hershey,40.285028499999996,-76.65346622319689
Birch Run,61.13815625,-149.80130747710984
Avondale,33.4355977,-112.349602
Wytheville,36.9479966,-81.0869747
Des Moines,41.5910323,-93.6046655
Shenzhen,22.5445741,114.0545429
Cupertino,37.3228934,-122.0322895
Harare,-17.831773,31.045686
Plano,33.0136764,-96.6925096
St. Thomas,49.4972,3.82019
Morelia,19.7027116,-101.1923818
Veghel,51.6134636,5.5446455
Memphis,35.1335022,-89.9668758
Daytona Beach,29.2108147,-81.0228331
Hanover,52.3744779,9.7385532
Tavernier,25.022163,-80.513609
San Rafael,37.9735346,-122.5310874
Burlingame,37.5780965,-122.3473099
Glendale,34.1469416,-118.2478471
Flagstaff,35.1987522,-111.6518229
Panama City Beach,30.1765914,-85.805386
Gilroy,37.0065078,-121.5631723
Killeen,31.1171441,-97.727796
Kilgore,32.3860733,-94.8758518
Cottonwood,44.019068,-95.1658845
Winter Park,28.5977707,-81.3510264
Woburn,42.4792618,-71.1522766
Berlin,52.5170365,13.3888599
Marquette,46.4481521,-87.6305899
Buffalo,42.8867166,-78.8783922
Sunnyvale,37.3688301,-122.036349
Marco Island,25.9363356,-81.7156832
Turlock,37.4946568,-120.8465941
Sarasota,27.3365805,-82.5308545
Snowmass Village,39.2130418,-106.9378207
Bangor,44.8011821,-68.7778138
Camerino,43.1357641,13.0683092
Athens,37.9839412,23.7283052
Mason City,43.1524574,-93.2017941
Miamisburg,39.6428362,-84.2866083
Matamoras,39.519673499999996,-81.06873959710815
Starkville,33.4503998,-88.8183872
Caguas,18.2345399,-66.0351316
Cheltenham,51.8995685,-2.0711559
Falls Church,38.882334,-77.1710914
Altamonte Springs,28.6649055,-81.37626861372098
Palermo,38.1112268,13.3524434
Seatac,47.4449086,-122.283084
Globe,51.5081048,-0.09719676722482405
Den Haag,52.0799838,4.3113461
Portland,45.5202471,-122.6741949
"Oahu, Kapolei",21.35835565,-158.0511372926451
Schiller Park,41.9558637,-87.8708965
Santo Domingo,18.4801972,-69.942111
Harbor Springs,45.431676,-84.991999
Fort Mill,35.0073697,-80.9450759
Guanacaste,10.378844050000001,-85.43382874573226
Chesapeake,36.7183708,-76.2466798
Leon,42.63414505,-5.971415104539984
Covington,39.0836224,-84.508371
Guin,33.9675458,-87.9138911
Santa Catarina,-27.0628367,-51.114965
Beuningen,51.8586611,5.767357
Park City,40.6460921,-111.4979963
Virginia Beach,36.8529841,-75.9774183
Key West,24.5625566,-81.7724368
Rottach-Egern,47.6909599,11.7707109
Musanze,-1.4741392,29.568173968338307
Nuevo Vallarta,20.7027575,-105.2885106
North Vancouver,49.3206294,-123.0737925
Grandville,48.5956451,4.2319159
Zapopan Jal.,20.7211203,-103.3913671
Mahe,11.7021978,75.5364701
Greenbelt,38.9933654,-76.88333238304114
Clark,39.3260541,-87.7838526
Las Cruces,32.3140354,-106.7798078
Olathe,38.8838856,-94.81887
Hollywood,34.0980031,-118.329523
Iowa City,41.6612561,-91.5299106
Santa Fe,-30.3154739,-61.1645076
Minnetonka,44.9405086,-93.4638936
Sunrise,26.147190199999997,-80.32966128894083
Dubai,25.2653471,55.2924914
Pagosa Springs,37.2695661,-107.0108163
Hammond,41.5833658,-87.500043
Ridgecrest,35.6225064,-117.6699414
Atlantic Beach,40.5886547,-73.7288791
Kiev,50.4500336,30.5241361
Bordentown,40.1462213,-74.7118264
Lodi,45.2613104,9.491678060021837
West Yellowstone,44.6632505,-111.101169
Paso Robles,35.6267654,-120.6912456
Merced,37.1641544,-120.7678602
Glasgow,55.8609825,-4.2488787
Hefei,31.8228094,117.2218033
Twentynine Palms,34.1356915,-116.0543506
Long Beach,33.7690164,-118.191604
Richmond,37.5385087,-77.43428
Louisville,38.2542376,-85.759407
Port St. Lucie,27.2939333,-80.3503283
Lebanon,33.8750629,35.843409
Nassau,25.0783456,-77.3383331
Framingham,42.3095704,-71.4413097
San Antonio,29.4246002,-98.4951405
Firenze,43.7698712,11.2555757
Cologne,50.938361,6.959974
San Clemente,39.4037093,-2.4274052
Morrisville,47.88338804999999,-55.76861996265019
Plaquemine,30.2840655,-91.2370772
Hoboken,40.7433066,-74.0323752
El Portal,25.8553739,-80.193103
Richland,38.7060457,-88.0949352
Goa,15.3503192,74.10178169795284
Cascade Locks,45.669513,-121.890402
Lake Havasu City,34.4838502,-114.3224495
Kowloon,22.3116452,114.1767885
Youngstown,41.1035786,-80.6520161
Cuernavaca,18.9218274,-99.2342282
Indian Shores,27.862801,-82.8484373
Chengdu,30.6598628,104.0633717
Ibiza,38.974390099999994,1.4197463178515335
Silver Spring,38.9997621,-77.02403709829767
Johnson City,36.3134398,-82.3534728
Venice Beach,33.97996005,-118.46878181253348
Kings Canyon National Park,36.91527845,-118.60765585962608
Inglewood,33.9562003,-118.353132
Bridgeton,38.7566055,-90.42352
Branson,36.6411357,-93.2175285
Pompano Beach,26.2378597,-80.1247667
Gold Canyon,33.3710715,-111.42618498017515
Nantong,31.9827896,120.8904588
Mineola,40.7492678,-73.6406845
Chula Vista,32.6400541,-117.0841955
Ipswich,52.0579495,1.1526345
Englewood Cliffs,40.8853773,-73.9523597
Montevideo,-34.9058916,-56.1913095
Toulouse,43.6044622,1.4442469
Saint Paul,44.9497487,-93.0931028
Rutherford,40.826489,-74.1068091
Istanbul,41.0091982,28.9662187
Bryan,30.6743643,-96.3699632
"Kauai, Princeville",22.223611,-159.485278
Saint Ignace,45.8686238,-84.7278281
Calistoga,38.5787966,-122.579705
Pinetop,40.6628756,-75.3754582
Iselin,40.569334999999995,-74.31511249016258
Norwich,52.6285694,1.2923049
Indianapolis,39.7683331,-86.1583502
Colorado Springs,38.8339578,-104.825348
Klamath Falls,42.224867,-121.7816704
South Burlington,44.4669941,-73.1709604
Galt,42.6935804,-93.6053548
Los Gatos,37.226611,-121.9746797
Guangzhou,23.1301964,113.2592945
Cancun,43.8130735,125.3171216
Rawlins,39.7904797,-101.0994722
Chatillon,46.6591772,5.7302769
Lancashire,53.8611703,-2.5650887919475496
Pawleys Island,33.4293486,-79.1215912
Manitowoc,44.0886059,-87.6575841
Ocala,29.1871986,-82.1400923
Venezia,45.4371908,12.3345898
Sturgeon Bay,44.8341639,-87.377042
Borjomi,41.8386946,43.3791739
Costa Mesa,33.6636611,-117.91946518435181
Milledgeville,33.0801429,-83.2320991
Hartland,50.97595295,-4.485571469951127
Port Angeles,48.118146,-123.430741
Newton,30.8118989,-93.740504
Cardiff By The Sea,33.0220155,-117.2803463
Alahsa,14.85159,44.349569
Titusville,28.6122187,-80.8075538
Prescott,34.5399962,-112.4687616
Blackfoot,43.190039,-112.348357
"Molokai, Kaunakakai",21.080937249999998,-157.00368301805878
American Canyon,38.1749179,-122.2608044
Clearwater,27.9658533,-82.8001026
Davenport,41.5235808,-90.5770967
Fairmont,43.6521775,-94.4610832
Pocatello,42.8620287,-112.450627
Sparks,39.5404679,-119.7487235
Cusco,-13.5170887,-71.9785356
Wildsteig,47.7012483,10.9363218
Long Bay,18.1060022,-76.3189878
Gettysburg,39.8308973,-77.231012
Big Bear Lake,34.2440587,-116.91018
Lancaster,40.03813,-76.3056686
Chincoteague Island,37.9384567,-75.3615855
Duesseldorf,51.19077325,6.793516713552313
New Haven,41.3082138,-72.9250518
Wauwatosa,43.0494122,-88.0079271
Punta De Mita,20.6606771,-105.2295009
Anthem,33.857492,-112.11359410473517
Seoul,37.5666791,126.9782914
Morehead,38.1839705,-83.4326841
Lima,-12.0621065,-77.0365256
Mountain View,37.3893889,-122.0832101
Glen Allen,37.316934,-90.02781236389168
Overland Park,38.9742502,-94.6851702
Canton,23.1301964,113.2592945
Hood River,45.7087902,-121.5123728
Jacksonville Beach,30.2946859,-81.3931396
Charlottesville,38.029306,-78.4766781
"Oahu, Honolulu",21.48343645,-158.03648372697478
Clermont,49.3780921,2.4141907
Hangzhou,30.2489634,120.2052342
Casablanca,33.5950627,-7.6187768
San Jose,37.3361905,-121.890583
Wixom,42.5247729,-83.5363339
Saint George,12.0535331,-61.751805
Sonora,29.3333331,-110.6666671
Sunset Beach,54.7423237,-113.5366453
Rimini,43.9470982,12.630768610516004
Bay City,43.5944677,-83.8888648
Durham City,54.7785577,-1.5757010209442777
Secaucus,40.7899291,-74.0566735
Key Biscayne,25.6968351,-80.1635261
Texarkana,33.44667445,-94.07714830522015
Vero Beach,27.6387163,-80.3975399
Beaufort,50.2207301,3.9661418
Saint Petersburg,59.917857350000006,30.380619357025516
Lumberton,34.6183433,-79.0083993
Fresno,36.7295295,-119.70886126075588
Anaheim,33.8347516,-117.911732
Reno,39.5261206,-119.8126581
Boise,43.6166163,-116.200886
Antiqua-St. Johns,17.1184569,-61.8448509
Truckee,39.327962,-120.1832533
Chinle,36.150143400000005,-109.56706853699023
East Hartford,41.7823216,-72.6120346
Plainview,34.1847936,-101.7068417
Thornton,39.8695516,-104.985181
Kittery,43.088448,-70.736847
St. George,37.104153,-113.5841313
Paris,48.8588897,2.3200410217200766
Danbury,41.394817,-73.4540111
Indian Wells,33.7217965,-116.338303
Palm Beach Shores,26.7781183,-80.0355962
Rye,46.8712641,5.4297754
Mexico City,19.4326296,-99.1331785
Tepic,21.5043446,-104.894676
Government Camp,45.3041033,-121.7547596
Cabo San Lucas,22.8938884,-109.9200604
Randers,56.4355428,10.0425957
Hudson,40.7381635,-74.0550731
Rogers,36.3320197,-94.1185366
Rochester,43.157285,-77.615214
Tiverton,50.91733035,-3.4625507372679287
Miramar,25.9825093,-80.3234233843979
Massapequa Park,40.6803785,-73.4551241
Englewood,39.6482059,-104.9879641
Magny-le-Hongre,48.8631156,2.8135257
Saint Louis,38.6264256,-90.1995853
Gleneden Beach,44.8789911,-124.0346728
Santiago,-33.4377756,-70.6504502
Budapest,47.4979937,19.0403594
Rocky Mount,35.9423833,-77.7956949
Lafayette,30.2043259,-92.0298813
Zanesville,39.9403453,-82.0131924
Dunedin,-45.8740984,170.5035755
Kitty Hawk,36.0664318,-75.6935448
Nevis,17.1508813,-62.5852896007
Meridian,32.3643098,-88.703656
Ixtapa,16.807622700000003,-92.898650478142
Independence,39.0924792,-94.4137923
Harrow,51.596827149999996,-0.3373046180437286
Antwerp,51.2211097,4.3997081
Rock Hill,34.9248667,-81.0250784
Whistler,50.1171903,-122.9543022
St. Augustine,29.8946952,-81.3145395
Philadelphia,39.9527237,-75.1635262
Newbury,51.4020243,-1.3242212
Ensenada,31.8658887,-116.6029835
San Simeon,35.6133158,-121.1442346
Enfield,51.6520851,-0.0810175
Taos,36.4072377,-105.573284
Flushing,51.49433865,3.415005767601362
Stockton,37.9577016,-121.2907796
Male,4.1779879,73.5107387
Quincy,42.2509914,-71.0037374
Galveston,29.299328,-94.7945882
West Sussex,50.94458445,-0.5278477012862655
Willoughby,41.6397696,-81.4065011
Emporia,38.4040054,-96.181623
Mountain Home,43.1329504,-115.691197
O'Fallon,38.7910374,-90.7039107
Loveland,40.3977612,-105.0749801
Macon,32.8406946,-83.6324022
Grand Rapids,42.9632405,-85.6678639
Clearfield,40.800693,-94.4756885
Aurora,41.7571701,-88.3147539
Long Island City,40.7415095,-73.9569751
Dijon,47.3215806,5.0414701
Singer Island,26.7850625,-80.0375408
Charles Town,39.2891836,-77.859581
Holbrook,34.9037063,-110.159316
Allen Park,42.2595071,-83.2107671
Chihuahua,28.5000001,-106.0000001
Elko,41.1958128,-115.3272864
Monroe,38.2722313,-90.1792484
Sioux City,42.4966815,-96.4058782
Ketchum,43.680741,-114.363662
Winters,31.9565343,-99.962313
Mechelen,51.0281381,4.4803453
Castries,43.6779101,3.9868904
Sheboygan,43.7508284,-87.71453
Livonia,42.36837,-83.3527097
Oakbrook Terrace,41.8500302,-87.9645077
Mojave,35.01096025,-118.19028326663798
Baton Rouge,30.4459596,-91.18738
Lac-Beauport,46.944403,-71.296806
Cottage Grove,44.8277446,-92.9438218
Simi Valley,34.2677404,-118.7538071
Clarksville,36.5277607,-87.3588703
Silver Lake,44.9032959,-94.1955334
Delhi,28.6517178,77.2219388
Saginaw,43.4200387,-83.9490365
Adel,41.6174123,-94.0185176
Bluff,-46.6014038,168.3398682
Long Beach - NYC,40.65929255,-73.82625793943546
North Myrtle Beach,33.8278405,-78.6800323
Death Valley,30.41197725,-91.18383029663619
Monaco,43.73844905,7.424224092532953
Yuba City,39.1404477,-121.6169108
Gretna,29.9146493,-90.0539604
St  Petersburg,59.917857350000006,30.380619357025516
Monticello,42.6214159,8.96043915620514
Fernandina Beach,30.6696818,-81.4625919
Middletown,41.5623178,-72.6509061
Plantation,26.12744855,-80.25779068328761
Ardmore,34.1742611,-97.1436254
Moran,27.23650645,94.87909205082008
Cape Coral,26.6059432,-81.9806771
College Park-MD,38.99203005,-76.94610290199051
Le Roy,40.8777854,-93.592905
San Luis Potosi,22.5000001,-100.4949145
Blytheville,35.9272953,-89.9189754
Carol Stream,41.9125286,-88.1347927
Bondi Junction,-33.8930034,151.2501228
Muskogee,35.6630196,-95.3927706
Elizabethtown,37.693952,-85.8591285
Nashua,42.7656251,-71.4677032
Lake George,43.6276486,-73.54977358231127
Norfolk,52.666667,1.0
Berkeley,37.8753497,-122.23963364918777
Milan,45.4641943,9.1896346
Flint,43.0161693,-83.6900211
Mykonos,37.451434500000005,25.392337493319413
Auburn,32.6098566,-85.4807825
Falmouth,50.1552197,-5.0688262
Hollister,36.8524545,-121.4016021
D'iberville,45.5530737,-73.6021838
Virgin,37.201902,-113.1878542
Runaway Bay,33.1666284,-97.8811684
Chessington,51.358336,-0.2986216
Mostoles,40.3238525,-3.8649214
Longboat Key,27.4125417,-82.6589881
Copenhagen,55.6867243,12.5700724
Los Mochis,25.7928058,-108.990188
Fallon,47.5075937,6.4807726
Lynnwood,47.8278656,-122.3053932
King Of Prussia,40.09476245,-75.3851333563417
Woodinville,47.7545827,-122.1588902
Coalville,52.7257981,-1.3741375
Pomona,34.0553813,-117.7517496
Mannheim,49.4892913,8.4673098
Williams,48.3629861,-103.4958386
Huntington Beach,33.6783336,-118.0000166
Cucuta,45.9893785,23.2575051
Vernon Hills,42.2204892,-87.9803604
Montvale,41.0467635,-74.0229173
Smyrna,38.4224548,27.1310699
Elgin,42.03726,-88.2810994
Hill City,39.364728,-99.842065
Vernal,40.4556825,-109.5284741
Cedar Rapids,41.9758872,-91.6704053
Blackwell,32.0869699,-100.3188899
Ely,52.40187845,0.28385741947417514
Rock Island,41.4411786,-90.5766144
Lawrenceburg,38.0371378,-84.8962551
Leeds,53.7974185,-1.5437941
Sacramento,38.5810606,-121.493895
Valdosta,30.8327022,-83.2784851
Cody,44.5263107,-109.056392
West Fargo,46.874967,-96.900362
Islamorada,24.9242995,-80.6278404
Boynton Beach,26.5256179,-80.0666026
Ridgeland,32.4284761,-90.1323087
Hannover,52.3744779,9.7385532
Big Sur,36.270241,-121.807454
Raleigh,35.7803977,-78.6390989
Sterling,31.8151416,-101.0452671
Oglesby,31.4185003,-97.5072379
Mount Laurel,39.934002,-74.8909988
Maui Wailea,20.6871749,-156.4390415
Reading,51.456659,-0.9696512
Poza Rica,20.5320852,-97.4536355
Quito,-0.2201641,-78.5123274
Uniondale,40.7159385,-73.59384782542784
Rock Springs,41.5860557,-109.2194544
Botafogo,-22.94886035,-43.18011371065211
Owensboro,37.7742152,-87.1133304
Gaithersburg,39.1399187,-77.1929215
Southern Pines,35.1740471,-79.3922539
Eufaula,31.8912717,-85.1454876
"Kauai, Koloa",21.9042279,-159.465733
Tarrytown,41.0762077,-73.8587461
Houston,29.7589382,-95.3676974
Ashburn,39.030019100000004,-77.46964646557657
Indio,33.743764999999996,-116.22331524966393
Mariposa,37.570148,-119.9036592
Aguascalientes,22.0000001,-102.5000001
Metairie,30.00185465,-90.1767012249077
Dhaka,23.7644025,90.389015
Cambridge- MD,38.5714624,-76.0763177
Vail,39.6440207,-106.3801669
Heerenberg,47.6922567,8.653900997190682
Yountville,38.4022008,-122.359506
La Mesa,32.7678288,-117.0230839
Crawley,51.1103444,-0.1801094
Northbrook,42.128704,-87.8265089
Anjou,45.3462,4.88149
Groveland,28.5602149,-81.8561226
Imperial Beach,32.5839444,-117.1130849
Boston,42.3602534,-71.0582912
Nogales,38.5865813,-6.7491704
Sussex,41.133372,-74.6930393
Providence,41.8239891,-71.4128343
Downey,33.9404441,-118.1292846
Mont-Tremblant,46.11588,-74.5891426
Staunton,38.1495947,-79.072557
Newburgh,41.5034271,-74.0104179
Jackson Hole,60.896124,-147.2135823
Santa Barbara,34.4221319,-119.7026673
Mackinaw City,45.783901,-84.727828
Waco,31.549333,-97.1466695
Delray Beach,26.4614625,-80.0728201
Dinuba,36.5432837,-119.3870656
Pullman,46.7304268,-117.173895
Guildford,51.2356068,-0.5732063
Jacksonville,30.3321838,-81.655651
Dodge City,37.7527982,-100.0170787
Ladson,32.9857275,-80.1098123
Lake Oswego,45.4206749,-122.670649
Mount Kisco,41.2042616,-73.7270761
Mallorca,39.613432,2.880353635614984
Melbourne,-37.8142176,144.9631608
Revere,42.4084302,-71.0119948
Queretaro,20.5927744,-100.3902245
Lake Louise,51.4249668,-116.177535
Healdsburg,38.5904785,-122.86502953263708
North Adams,42.6990321,-73.1118964
Sharm El Sheikh,27.8644422,34.295447
Boca Raton,26.3586885,-80.0830984
Oakhurst,40.2613085,-74.02665522857244
Sutton,30.51216325,-100.53841807826248
Mooresville,35.5848596,-80.8100724
Franklin,33.2002659,-95.2231752
Oakland,37.8044557,-122.2713563
Ellensburg,46.9970635,-120.545122
Horse Cave,37.179496,-85.9069175
Toms River,39.9537359,-74.1979576
Isla Verde,0.9588052,-79.64337952822132
Martinsburg,39.4562528,-77.9639604
Yakima,46.601557,-120.510842
Scranton,41.4086874,-75.6621294
San Mateo,37.496904,-122.3330573
Newark,40.735657,-74.1723667
Madrid,40.4167047,-3.7035825
Sedona,34.8679599,-111.7617165
La Palma,28.6552318,-17.85732234254766
Singapore,1.357107,103.8194992
Great Falls,47.5048851,-111.29189
Spokane,47.6571934,-117.4235106
New London,41.3556187,-72.0997804
Cartagena,37.6019353,-0.9841152
Chantilly,49.1799586,2.47578765999255
Dalian,38.9181714,121.6282945
Corpus Christi,27.7951482,-97.3942053
Joliet,41.5263603,-88.0840212
Tulare,36.2516475,-118.852583
Elkins,38.925927,-79.8466552
Artesia,33.8690197,-118.0796195
Tinley Park,41.5733669,-87.7844944
Bonners Ferry,48.6912781,-116.31614
Glattbrugg,47.4326312,8.5647892
Grand Canyon,36.0965604,-112.0984941
Bismarck,46.808327,-100.783739
Tysons,38.916509000000005,-77.2257977704366
Alamosa,37.5780995,-105.7890452
Manhattan,40.7896239,-73.9598939
Grand Cayman,19.3298691,-81.17122907994889
West Haven,41.2706527,-72.9470471
Portage,42.2011538,-85.5800022
Apodaca Nuevo Leon,25.7430212,-100.1710854
West Chester,39.9597213,-75.6059638
Fort Wayne,41.0799898,-85.1386015
Walla Walla,46.0667277,-118.3393456
Riverside,33.9459413,-117.41024442439222
Paragould,36.0584021,-90.4973286
Ventura,34.4458248,-119.0779359
"Kauai, Kapaa",22.0833399,-159.34635231502904
La Quinta,33.677474,-116.2958789
Jensen Beach,27.22089615,-80.25567726584178
Natchitoches,31.7606732,-93.0860209
Kulpsville,40.2428828,-75.3365644
Cerritos,33.8644291,-118.0539323
Tokyo,35.6828387,139.7594549
Puebla,18.833333,-98.0
Houma,29.5957696,-90.7195348
Hellerup,55.7336657,12.5655408
Comanche,31.9130171,-98.527388
Manila,14.5948914,120.9782618
Missoula,46.8701049,-113.995267
Gatlinburg,35.714259,-83.5101638
Surry,37.1381363,-76.834945
Annawan,41.3972573,-89.9045518
Saint Martin,18.085493,-63.05129209796061
Swansea,51.6195955,-3.9459248
Littlefield,33.9189172,-102.332836
Beverly Hills,34.0696501,-118.3963062
Southgate,51.6281547,-0.123596
Navarre,42.61254875,-1.830787673361753
Red Deer,52.2697395,-113.8181766
Jamaica,18.1850507,-77.3947693
Dorado,18.4593799,-66.2615332
Frankfort,50.1106444,8.6820917
Red Bluff,40.1784279,-122.235923
Tracy,37.7385507,-121.4201395
Round Rock,30.5085915,-97.6788056
Horsham,51.0630273,-0.3295028
Bimini,25.70318795,-79.28145926583792
Puyallup,47.1849009,-122.29214
Astoria,46.187885,-123.831256
Bradford,53.7944229,-1.7519186
Mascot,-33.9289562,151.1951782
Escondido,33.1216751,-117.0814849
Germantown,38.5536601,-89.5384209
"Lanai, Lanai City",20.7415735,-156.896421
"Maui, Hana",20.7671042,-155.990751995403
Soller,39.7663047,2.7150538
Wichita Falls,33.9137085,-98.4933873
Plainsboro,40.3334409,-74.6004341
Fort Smith,35.3784666,-94.3996456
Kalamazoo,42.291707,-85.5872286
Yonkers,40.9312099,-73.8987469
Bergamo,45.756655699999996,9.754219200862249
White House,38.897699700000004,-77.03655315
Shawnee,39.0273676,-95.7627535
Starke,29.9443549,-82.1101114
Lanham,38.965365000000006,-76.84179265424164
Wilkes Barre,41.2464824,-75.8817316
Whitefish,48.450293,-114.33828531635987
Bozeman,45.6794293,-111.044047
Bandung,-6.9344694,107.6049539
Cranbury,40.3099385,-74.51772241230152
Cherryhill,54.5753736,-5.9420428
Alamogordo,32.9046474,-105.941835
West Dennis,41.6645557,-70.1727967
Opelika,32.6454116,-85.3782795
Mobile,30.6943566,-88.0430541
Tbilisi,41.6934591,44.8014495
Durango,24.833333,-104.833333
Austell,33.8126059,-84.6343783
Ormond Beach,29.2854132,-81.0557921
Suffern,41.1151372,-74.1493948
Arroyo Grande,35.1185869,-120.590725
Marietta,33.9528472,-84.5496148
Mount Carmel,38.4108801,-87.7614174
Henderson,32.182598,-95.7893178
Leesburg,28.810823,-81.8778582
Oak Ridge,36.0103562,-84.2696449
Trincity,10.6343224,-61.3567735
Albemarle,35.3501426,-80.2000578
Roswell,34.02332,-84.360022
Chambersburg,39.9405903,-77.6598624
Utica,43.1009031,-75.2326641
Canyon Point,47.228275,-113.0197739
Preston,53.7593363,-2.6992717
Newport-OR,44.636755,-124.053442
Winchester,51.0612766,-1.3131692
Twickenham,51.4467444,-0.3281887
Tampico,22.2329889,-97.8614802
Kelso,46.1421249,-122.905299
Lithia Springs,33.7939953,-84.6604899
Kiawah Island,32.6082373,-80.0848166
Palmdale,34.5793131,-118.1171108
Los Angeles,34.0536909,-118.242766
Arcadia,34.1362075,-118.0401497
Hillsboro,45.5228939,-122.989827
Columbia,4.099917,-72.9088133
Mexicali,32.6248622,-115.448325
Georgetown,6.8137426,-58.1624465
Harrisburg,40.2663107,-76.8861122
"Big Island, Hilo",19.72404,-155.0857483
Hornell,42.3278477,-77.6611025
West Covina,34.0471735,-117.8963242650494
Galena,42.4157304,-90.4294726
Tucumcari,35.1719425,-103.72504
Grants Pass,42.4393707,-123.3272489
Chesterton,52.2222881,0.1445917
Gulf Shores,30.2711224,-87.6893826
Marshfield,44.6688524,-90.1717987
Lincoln,40.8088861,-96.7077751
Fort Myers,26.640628,-81.8723084
Honolulu,21.2890997,-157.717299
North Reading,42.5750939,-71.0786653
California City,35.125801,-117.9859038
Kenner,29.9942265,-90.2417806
Acapulco,16.8680495,-99.8940182
Welches,45.3384997,-121.9634026
Olympic Valley,39.1984156,-120.2298597
Gloucester,51.8653705,-2.2458192
The Colony,33.0890094,-96.8863922
Southfield,42.4733689,-83.2218731
North Bay Village,25.8462075,-80.1539351
Gulfport,30.3674198,-89.0928155
Lake Mary,28.756618000000003,-81.33888382214167
Rosemont,41.9941334,-87.8756737
Zapata,26.9879626,-99.1673556
Nuevo Laredo,27.4761506,-99.5185992
Jersey City,40.7215682,-74.047455
Ocho Rios,18.3792074,-77.1174197681076
Manhattan Beach,33.8915985,-118.3951241
Rockford,42.2713945,-89.093966
Sanford,35.4798757,-79.1802994
Alkmaar,52.600853799999996,4.817099446443963
Amarillo,35.2072185,-101.8338246
East Point,33.6795531,-84.4393724
Langhorne,40.1745538,-74.9226665
Pooler,32.1158983,-81.2495131
Crescent City,41.755948,-124.201747
St. Paul,44.9497487,-93.0931028
Brunswick,52.2646577,10.5236066
Deerfield Beach,26.318342,-80.0996306
Chicago,41.8755616,-87.6244212
Estero,26.4381474,-81.8067537
Naples,40.8358846,14.2487679
Hermosillo,29.0948207,-110.9692202
Coronado,32.6915199,-117.1766947
Lisle,45.2787444,0.5481384
Hulett,44.68276,-104.601682
Palma,39.5695818,2.6500745
Mcallen,26.204114,-98.2300605
Kolkata,22.5414185,88.35769124388872
Jasper,30.7485258,-94.000884
Bessemer,33.4017766,-86.954437
Somerville,42.3875968,-71.0994968
Clear Lake,43.1370751,-93.3813637
Mesa Verde National Park,37.253776,-108.45559640928934
Hays,30.0447901,-98.0393127
Megeve,45.8567089,6.617932
Paradise Island,25.08335515,-77.3063341678734
Hyannis,41.6534853,-70.2823663
Vouliagmeni,37.8139557,23.7821394
Dallas,32.7762719,-96.7968559
Westlake Village,34.1460234,-118.8061794
Lawrenceville,33.9562149,-83.9879625
Bonita Springs,26.339806,-81.7786972
Naperville,41.7728699,-88.1479278
Wichita,37.6922361,-97.3375448
Hendersonville,35.3187279,-82.4609528
Haugesund,59.46824785,5.082761213563481
Barboursville,38.4095298,-82.2945923
Santa Monica,34.0194704,-118.4912273
Brentwood,37.9317766,-121.696026
Lyon,45.7578137,4.8320114
Phoenix,33.4484367,-112.074141
West Long Branch,40.2903891,-74.0176381
Encino,34.1591324,-118.5016166
Lenox,40.8812978,-94.5588947
Kuda Huraa,4.32824645,73.59765961860367
Temecula,33.4946353,-117.1473661
Spearfish,44.490817,-103.85937
St Georges,48.6581382,6.9280988
Plover,42.8783598,-94.6234034
Meads Bay,18.18345325,-63.13948732929756
Christchurch,-43.530955,172.6366455
Woodbridge,40.5576045,-74.2845911
Essex Junction,44.4906817,-73.11136
East Orleans,41.7851093,-69.9702947
Romulus,42.2222614,-83.3965995
Mentor,41.6664781,-81.3399769
Culver City,34.0211224,-118.396466
Halifax,44.648618,-63.5859487
Manama,17.1750495,95.9999652
Borger,35.6678204,-101.3973876
White Plains,41.0339862,-73.7629097
Cuyahoga Falls,41.1348213,-81.4848086
Pinedale,42.8671325,-109.8609808
Bridgeport,41.1670412,-73.2048348
Jean,35.7790078,-115.324314
Cherokee,31.8390826,-95.1791849
La Mirada,33.9060971,-118.0107092
Stateline,38.9667745,-119.94427458159146
Cliffside Park,40.8214894,-73.9876388
Shrewsbury,52.707755,-2.7540658
Littleton,39.613321,-105.016649
Oslo,59.9133301,10.7389701
Mamora Bay,17.0141482,-61.7365498
Montrouge,48.8188544,2.3194375
Deer Park,42.1608585,-88.0814651
Atlanta,33.7489924,-84.3902644
Morro Bay,35.3658075,-120.849901
Santa Ana,33.7494951,-117.8732213
Southampton,50.9025349,-1.404189
Caracas,10.506098,-66.9146017
El Paso,31.7754152,-106.464634
West Hollywood,34.0923014,-118.3692894
Toluca,19.292545,-99.6569007
Maui Kahului,20.8747708,-156.4529879461996
Birmingham,52.4796992,-1.9026911
Lubbock,33.5635206,-101.879336
Beachwood,41.464498,-81.508732
Palm Bay,27.9946969,-80.6366144
Fort Washington,38.738019,-77.00207559994112
Daytona Beach Shores,29.1760933,-80.9828323
Pensacola,30.421309,-87.2169149
Barstow,34.8957684,-117.0172077
Boppard,50.2312823,7.5885884
Lijiang,26.8595868,100.2249797
Buenos Aires,-34.6075682,-58.4370894
Campeche,19.330194,-89.94351380117641
Big Rapid,44.0625108,-103.4162155
Bedoin,44.1240383,5.1806559
Annapolis,38.9786401,-76.492786
Mclean,40.4631789,-88.8196613
East Windsor,41.9156316,-72.6130726
Bend,44.0581728,-121.3153096
Twin Falls,42.5704456,-114.4602554
Dayton,39.7589478,-84.1916069
Hayman Island,-20.0502143,148.88837853389944
Cheshire,41.4989861,-72.900658
Carmel,39.9788017,-86.1189257
Hamilton,43.2560802,-79.8728583
Yangon,16.7967129,96.1609916
Sayre,35.2979543,-99.6399648
Neenah,44.1858193,-88.462609
San Jose Del Cabo,23.0598364,-109.7025148
Olive Branch,34.9617605,-89.8295315
Hoover,33.4092646,-86.66217961474177
Wiltshire,51.324162,-1.9032486699002247
Key Largo,25.091338,-80.46777414781022
Punta Cana,18.556551,-68.3691611
Stillwater,36.1156306,-97.0585717
Midvale,40.6149174,-111.9106607
National Harbor,38.78352745,-77.0141294675926
Cozumel,20.4317585,-86.92027456597663
Antalya,36.9009641,30.6954846
Merrillville,41.4828144,-87.3328139
Rome,41.8933203,12.4829321
Portsmouth,50.8036831,-1.075614
Los Cabos,43.5139571,-6.1001155
Xalapa,19.5408338,-96.9146374
Humble,29.9988312,-95.2621553
Galliano,44.0160698,11.2913408
Fayetteville,36.0625843,-94.1574328
Plainfield,41.6086711,-88.2054345
Cedar City,37.6774238,-113.061827
St. Petersburg,59.917857350000006,30.380619357025516
Wilmington,39.7459468,-75.546589
"Maui, Makawao",20.8510965,-156.32371705593866
Bar Harbor,44.3876378,-68.2043361
Toronto,43.6534817,-79.3839347
Breckenridge,32.7558392,-98.9032554
High Point,35.9556924,-80.0053176
Pesaro,43.9098114,12.9131228
Shanghai,31.2322758,121.4692071
Moreno Valley,33.937517,-117.2305944
Minneapolis,44.9772995,-93.2654692
Old Greenwich,41.022875,-73.564846
Luray,48.7201659,1.3972981
Oxnard,34.1976308,-119.1803818
Bensalem,40.1045549,-74.951279
Fredericksburg,38.3031837,-77.4605399
Mesa,33.4151117,-111.8314792
Paducah,37.0833893,-88.6000478
Woodland Hills,34.1684364,-118.6058382
Cincinnati,39.1014537,-84.5124602
Pachuca,20.1165413,-98.7413535
Owings Mills,39.41484355,-76.79182399596584
Corona,33.8752945,-117.5664449
Eugene,44.0505054,-123.0950506
Kayenta,36.7218463,-110.253872
Murfreesboro,35.8460396,-86.3921096
Hazlet,50.400963149999995,-108.59408096350441
Fairview,56.073947,-118.3797878
Tuscaloosa,33.2095614,-87.5675258
Greenville,34.851354,-82.3984882
Altoona,40.518681,-78.394736
Bedford,52.1363806,-0.4675041
Surrey,51.2715316,-0.3414523511290909
Kansas City,39.100105,-94.5781416
Sint Jansklooster,52.677821449999996,6.004795500887328
Richfield,44.8766431,-93.2877877
Providenciales,21.8020614,-72.30044556984475
Valparaiso,41.4730948,-87.0611412
St. Maarten,18.0423736,-63.0549948
Elk River,45.3038538,-93.5671825
Tucson,32.2228765,-110.9748477
Anchorage,61.2163129,-149.894852
Schaumburg,42.0333608,-88.083406
Princeton,40.34833555,-74.6684230570877
Duck,36.1700137,-75.7559261
Graham,39.34062,-99.8980624
Grasonville,38.959396999999996,-76.1972184486028
Mishawaka,41.6611642,-86.1807031
Ocean Shores,46.973703,-124.156277
Fort Walton Beach,30.4057552,-86.618842
Bern,46.9482713,7.4514512
Timonium,39.4475075,-76.5974223220619
Tuxtla Gutierrez,16.753801,-93.115959
Rancho Cucamonga,34.1279268,-117.56432205849399
Burley,42.5357428,-113.792794
Mahwah,41.0887072,-74.1437552
Mumbai,19.0785451,72.878176
Sterling Heights,42.5803122,-83.0302033
Tampa,27.9477595,-82.458444
South Portland,43.6414716,-70.2408811
"Kauai, Poipu",21.8766526,-159.4539141
Pittsfield,42.451302,-73.260018
Albert Lea,43.6480127,-93.3682656
Kent,51.20707485,0.7210361813401444
Manchester,53.4794892,-2.2451148
Winter Garden,28.5502685,-81.59259746085962
Zihuatanejo,17.6467874,-101.5519746
Bora Bora,-16.504346650000002,-151.73668863927236
Mount Charleston,36.257191,-115.6427994
Frisco,33.1506744,-96.8236116
Washington D.C.,38.8950368,-77.0365427
Puerto Aventuras,20.5066683,-87.2300626
Jonesboro,35.8428646,-90.7034522
Gurnee,42.3702996,-87.9020186
Batesville,35.769799,-91.6409722
Santa Clara,37.2333253,-121.6846349
Bastrop,30.0541116,-97.3887764
Manassas,38.7509488,-77.4752667
Saint Augustine,29.8946952,-81.3145395
Banff,51.1777781,-115.5682504
Keystone,41.9988889,-92.1979353
Springdale,36.1867442,-94.1288142
Charlotte,35.2272086,-80.8430827
Mammoth Lakes,37.6432525,-118.9668509
Longview,32.5007031,-94.74049
Santa Cruz,28.469648,-16.2540884
Williamsport,41.2493292,-77.0027671
Ciudad del Carmen,18.651739,-91.81492
Pewaukee,43.0805651,-88.2612045
Miami Beach,25.7929198,-80.1353006
Prague,50.0596288,14.446459273258009
Bowling Green,36.9903199,-86.4436018
Pleasanton,37.6624312,-121.8746789
New York City,40.7127281,-74.0060152
Chester,53.1908873,-2.8908955
Miami Lakes,25.91162125,-80.32127479996643
Green Bay,44.5126379,-88.0125794
Pickerington,39.896277299999994,-82.77319049748806
Benton,45.7162129,-94.0481042
Provo,40.2337289,-111.6587085
Matteson,41.509832,-87.739267
Hopkinsville,36.8657651,-87.4889532
Baxter,36.2820691,-92.3445222
Redondo Beach,33.8455911,-118.3886766
Moab,38.5738096,-109.5462146
Woodland,38.6786109,-121.7733285
Frankfurt Oder,52.3412273,14.549452
Colima,19.166667,-104.0
Jefferson City,38.577359,-92.1724265
East Palatka,29.652377,-81.5995889937833
Mount Pleasant,33.1570582,-94.9694007
Kendall,29.943885,-98.7258845
Panguitch,37.8227551,-112.435763
Crystal River,28.890387699999998,-82.58681269014554
Homewood,41.5573283,-87.6654739
Cork,51.897077,-8.4654674
Wilsonville,45.3099218,-122.7681602
New Orleans,29.9759983,-90.0782127
Kuwait City,29.3796532,47.9734174
Rio Hato,8.3789084,-80.1641302
Oceanside,33.1958696,-117.3794834
Detroit Lakes,46.817181,-95.845325
Marina Del Rey,33.9776848,-118.4486479
St. Pete Beach,27.7253065,-82.741212
Saddle Brook,40.898988,-74.0926418
"Maui, Kapalua",20.99490395,-156.6562339558182
RIVIERA NAYARIT,21.5150944,-104.8664742
Hallandale Beach,25.9812025,-80.148379
San Gabriel,34.0990733,-118.1085682
Torreon,35.7947315,-107.21208446076524
Firebaugh,36.8588376,-120.456007
Hasbrouck Heights,40.8579293,-74.0816693
Laughlin,35.1187959,-114.70323202755507
Marathon,42.8614141,-94.9823235
Adeje,28.1219416,-16.7241893
Crystal Lake,42.2411344,-88.3161965
Wilkes-Barre,41.2464824,-75.8817316
Blanco,30.2419274,-98.4004594
Needham,31.9868295,-88.33308822099423
Temple,31.098207,-97.3427847
Vicksburg,32.3528055,-90.8777342
San Juan Capistrano,33.5016932,-117.6625509
Dorset,50.79683685,-2.34473226124306
Midland,32.023939549999994,-102.09648921925708
Little Rock,34.7465071,-92.2896267
Indian Rocks Beach,27.891338,-82.84518880012078
Iasi,47.1615341,27.5836142
Shelburne,44.394248450000006,-73.22640417513911
Colonial Heights,37.2555718,-77.4112016
Carpinteria,34.3988838,-119.5184564
Diamond Bar,34.0286226,-117.8103367
Auburn Hills,42.6875323,-83.2341028
Hondo,29.3474121,-99.1412026
Brugg,47.4824633,8.2085662
Madison,43.074761,-89.3837613
North Salt Lake,40.8485564,-111.906882
Acworth,34.0659329,-84.6768796
"Big Island , Kailua-Kona",19.6478398,-155.998093
Normal,40.5092961,-88.9843937
Myrtle Beach,33.6956461,-78.8900409
Hertogenbosch,37.8710553,-122.2681889
Corvallis,44.5645659,-123.2620435
Salerno,40.419441649999996,15.310756230322482
Yellowstone National Park,44.6200885,-110.56068933143061
Funchal,32.6496497,-16.9086783
Irving,32.8295183,-96.9442177
Panama City,30.1600827,-85.6545729
Del Mar,32.9594891,-117.2653146
Windsor,51.483757749999995,-0.6040964041849046
Logan,40.1075089,-89.3768539
Palm Beach Gardens,26.8233946,-80.1386547
Coraopolis,40.5184013,-80.1667247
Weehawken,40.7695457,-74.0204177
Kanab,37.0481417,-112.5285476
Corbin,36.9486986,-84.0968761
Richardson,32.9481789,-96.7297206
Sequoia,37.8065921,-119.8954575
Coldwater,37.2689131,-99.3267808
Herndon,39.909726,-100.785153
Hackensack,40.8871438,-74.0410865
Hilton Head Island,32.1618488,-80.7512616
Orange,33.7500378,-117.8704931
Tacoma,47.2495798,-122.4398746
Lapeer,43.0904764,-83.2333705
Bretton Woods,44.2576311,-71.4413006
Bascharage,49.5712686,5.912845
Emeryville,37.8314089,-122.2865266
Petaluma,38.2325829,-122.636465
Topeka,39.049011,-95.677556
Atlantic City,39.3642852,-74.4229351
Ashland,46.2062319,-90.6802594
Bass Lake,41.230017000000004,-86.58293767175564
Brownsburg,39.8433769,-86.3977736
Lufkin,31.3386242,-94.7288558
Grass Valley,39.2190607,-121.06292
Seaside,36.62593,-121.8169383456945
Vancouver,49.2608724,-123.113952
Foxborough,42.0653768,-71.2478308
Statesboro,32.4490141,-81.7832912
Kissimmee,28.2918995,-81.4075838
Hong Kong,22.2793278,114.1628131
Surfside Beach,28.9616861,-95.274756634748
Lisboa,38.7077507,-9.1365919
Carolina,35.90503535,-79.04775326525107
Oakdale,44.985624,-92.9645794
Doha,25.2856329,51.5264162
Lansing,42.7337712,-84.5553805
San Juan,18.465299,-66.116666
Roanoke,37.270973,-79.9414313
Peru,-6.8699697,-75.0458515
Brooklyn,40.6526006,-73.9497211
Dublin,53.3497645,-6.2602732
Chichen Itza,20.68285195,-88.5687196355205
Hillside,41.8778084,-87.9028398
Bolton,53.5782863,-2.4300367
Bridgnorth,52.5345626,-2.4194132
Casa Grande,32.8795022,-111.757352
Ponte Vedra Beach,30.2396865,-81.3856384
Kyoto,35.021041,135.7556075
San Leandro,37.7249296,-122.1560768
Bulawayo,-20.1560599,28.5887063
Wisconsin Dells,43.6256168,-89.7715646
Saltillo,25.4230425,-100.9927509
San Miguel de Allende,20.9142238,-100.743784
Marina,36.6900986,-121.80062933026213
Campbellsville,37.3433974,-85.3419069
"Kauai, Lihue",21.9769622,-159.3687721
Evansville,37.9747645,-87.5558483
Palm Coast,29.5541432,-81.2207673
Schertz,29.5641617,-98.2695702
Grand Haven,43.0630734,-86.2283864
Newport,41.4899827,-71.3137707
Kenmore,47.7573202,-122.2440148
Coconut Grove,25.7398164,-80.2388468
Baldwin Park,34.08092715,-117.96491555095368
Florianopolis,-27.5973002,-48.5496098
Hermosa Beach,33.86428,-118.39591
Campinas,-22.90556,-47.06083
Terre Haute,39.4667025,-87.4139119
Fairbanks,64.82897449999999,-147.66991691593407
Ronkonkoma,40.8153761,-73.112333
Hialeah,25.8575963,-80.2781057
Greensboro,36.0726355,-79.7919754
Johannesburg,-26.205,28.049722
Mineral Wells,32.8084605,-98.1128223
Strongsville,41.3144733,-81.83511
Perry,38.0772859,-89.3760499
Carlisle,54.8948478,-2.9362311
Pebble Beach,39.7653975,-74.1968059
Hartford,41.764582,-72.6908547
Stuttgart,48.7784485,9.1800132
Nampa,43.5737361,-116.559631
Great Exuma,36.223089,-81.7761012
Amsterdam,52.3727598,4.8936041
Moriarty,34.9900503,-106.049189
Dfw Airport,32.89651945,-97.0465220537124
Cortez,37.3494528,-108.584073
Niagara Falls,43.08436,-79.0614686
Lakewood,39.7085736,-105.0846694
Farmville,37.3024713,-78.3923813
Martinsville,36.6915262,-79.8725386
Weirton,40.4189566,-80.5895167
Lihue - Kauai ,21.9769622,-159.3687721
Moscow,55.7504461,37.6174943
Roseville,38.7521235,-121.2880059
Bucharest,44.4361414,26.1027202
Greenwood Village,39.6172101,-104.950814
Test,33.4652816,51.1577023
Cheyenne,41.139981,-104.820246
Miami Springs,25.8223198,-80.289495
Portofino,44.3036653,9.2093446
Big Water,8.2888729,-13.1580202
Brazil,-10.3333333,-53.2
Beaumont,30.0860459,-94.1018461
Ann Arbor,42.2681569,-83.7312291
Eureka,40.7906871,-124.1673746
South Lake Tahoe,38.9332411,-119.9843482
Keene,42.933597,-72.2784264
Grapevine,32.9337381,-97.0788754
Pasadena,34.1476452,-118.1444779
Brooklyn Center,45.0748543,-93.3296296
Oxford,51.7520131,-1.2578499
Levallois,48.892956,2.2881683
Nashville,36.1622767,-86.7742984
Wrightsville Beach,34.2079917,-77.7955907
Studio City,34.1483989,-118.3961877
Marana,48.961264,4.31224359285714
Norcross,33.9412127,-84.2135309
Merida,38.9174665,-6.3443977
Amherst,42.3685658,-72.505714
Burr Ridge,41.7502971,-87.9161818
Edison,40.538457,-74.39450186737218
Wausau,44.9596017,-89.6298239
Sao Paulo,-23.5506507,-46.6333824
Saint Denis Cedex,-20.879486,55.4514137
Amargosa Valley,36.4951365,-116.421881
Abaco Island,26.9244718,-77.59887606373994
Monterey,36.2231079,-121.3877428
Edmonton,53.535411,-113.507996
Cranberry Township,40.7099343,-80.1060506
Detroit,42.3315509,-83.0466403
Tulsa,36.1556805,-95.9929113
Deadwood,44.376651,-103.729642
Newport-RI,41.4899827,-71.3137707
Treasure Island,37.8233541,-122.37015310228705
Reynoldsburg,39.9547861,-82.8121191
Geneva,46.2017559,6.1466014
Biloxi,30.4007626,-88.8893818
St. Peter,44.3238384,-93.9585295
Tianjin,39.0856735,117.1951073
Sandpoint,48.2765903,-116.553247
Ontario,50.000678,-86.000977
Council Bluffs,41.258841,-95.8519484
Orange Beach,30.282839799999998,-87.62460710389821
Okeechobee,27.3923408,-80.8873655
Maui Kihei,20.763395,-156.44639965521395
Wallingford,51.60036085,-1.1318028311671637
Bristol,51.4538022,-2.5972985
Teton Village,43.593145,-110.84492617640024
Rohnert Park,38.3396367,-122.7010984
Brenham,30.1668828,-96.3977442
Bishop,37.363679,-118.39524
Webster,37.2895151,-92.8792111
Coram,40.87941295,-73.00394259997734
South Jordan,40.5584882,-111.9367107
Brussels,50.8465573,4.351697
Mansfield,40.75839,-82.5154471
Syracuse,37.0646139,15.2907196
Millbrae,37.598958,-122.4009419
Torrey,38.2997368,-111.42047
Warren,40.8442828,-90.6168408
Brisbane,-27.4689682,153.0234991
Forsyth,39.9325368,-88.9511912
Washington,38.8950368,-77.0365427
Mystic,40.7776709,-92.9453445
Quebec City,46.8183175,-71.2143518
Yuma,32.665135,-114.47603157249804
Elkhart,41.6819935,-85.9766671
Olympia,37.638189999999994,21.63053756728882
Destin,30.3935337,-86.4957834
Maumee,41.5628294,-83.6538244
Montreux,46.4310831,6.9129921
Battle Creek,42.3192548,-85.1824269
Brookline,42.3317642,-71.1211635
Telluride,37.9374939,-107.812285
North Hollywood,34.1729044,-118.3740371
Venice,45.4371908,12.3345898
Absecon,39.4284503,-74.4957076
Rutland,52.6423036,-0.6632643077026672
Coatzacoalcos,18.1396787,-94.4501731
Coos Bay,43.3678937,-124.2174647
Montrose,38.4375391,-108.2403855
Casper,42.8501191,-106.325138
Fullerton,33.8739385,-117.9243399
South Bend,41.6833813,-86.2500066
El Segundo,33.917028,-118.4156337
Creedmoor,30.0899368,-97.7338917
Stratton Mountain,43.0864665,-72.925934
Cleveland,41.4996562,-81.6936813
Waterbury,41.5538091,-73.0438362
Fairborn,39.8208998,-84.0193858
Copley,42.3499964,-71.0777332
Kalispell,48.202158,-114.315321
Campton,37.7342526,-83.547409
Hollywood-FL,26.0112014,-80.1494901
Katy,29.7857853,-95.8243956
La Jolla,32.83259,-117.2716839
Clinton,38.5896187,-89.420064
Cairo,30.0443879,31.2357257
Placentia,44.8476352,9.666531257696896
State College,40.7944504,-77.8616386
Vilnius,54.6870458,25.2829111
Zhejiang,29.0000001,119.9999999
Eden Prairie,44.8546856,-93.470786
Everett,47.9673056,-122.201399
Sisters,44.290948,-121.5492516
Claymont,39.8006685,-75.4596404
Waldorf,50.4855665,7.2293555
Coeur d'Alene,47.6742994,-116.7811531
North East,54.73141115,-1.7919813357694694
Page,36.9148305,-111.457294
Union City,37.5963232,-122.0816297
Trumbull,41.2428742,-73.2006687
Juneau,58.3019496,-134.419734
Zacatecas,23.0823582,-103.20856984509811
Front Royal,38.9178538,-78.1917718
Middlesex,51.546055800000005,-0.2537791389340719
Cape Canaveral,28.45077,-80.52662
Ishigaki,24.3382831,124.1577569
Stockholm,59.3251172,18.0710935
Rio Grande,37.5668223,-106.3832155
Sandusky,41.4561002,-82.7115813
Panama,8.559559,-81.1308434
Marrakech,31.626794750000002,-8.003024256894616
Commerce,34.002581,-118.156586
Forks,47.950222,-124.386165
Veracruz,19.333333,-96.666667
Playa Del Carmen,20.6308643,-87.0779503
San Marcos,29.8826436,-97.9405828
Thousand Oaks,34.1705609,-118.8375937
Napa,28.1083929,84.0917139
Cathedral City,33.822986549999996,-116.46687017113196
Palm Desert,33.74079965,-116.36936983394352
Brighton,50.83891575,-0.12693054250074665
New Bern,35.1084931,-77.0441143
Middleburg Heights,41.3614401,-81.812912
Sana'a,15.3538569,44.2058841
Lisbon,38.7077507,-9.1365919
Redmond,47.6694141,-122.1238767
Geldrop,51.4226684,5.5607546
Eagan,44.818173,-93.1659179
Huntsville,34.729847,-86.5859011
Saint Louis Park,44.9475726,-93.3569023
Clearwater Beach,27.9774736,-82.8279313
Canyon,34.9799429,-101.919197
Quebec,52.4760892,-71.8258668
San Bernardino,34.8253019,-116.0833144
Coral Gables,25.6915434,-80.23454887092652
Lawndale,33.8885217,-118.3531991
Eau Claire,44.811349,-91.4984941
East Orange,40.767323,-74.2048677
Helena,46.5927425,-112.036277
Desert Hot Springs,33.961124,-116.5016784
San Luis Obispo,35.3540209,-120.3757163
Charleston,32.7876012,-79.9402728
Weatherford,32.7589648,-97.7970748
Laramie,41.311367,-105.591101
Prineville,44.2998261,-120.834972
Scottsdale,33.4942189,-111.9260184
Arlington,32.701938999999996,-97.10562379033699
Ciudad Obregon,27.4846619,-109.9337782
Riverhead,46.9959724,-53.481841676792484
Koloa,21.9042279,-159.465733
Tijuana,32.5010188,-116.964662
Guadalajara,20.6720375,-103.338396
Puerto Vallarta,20.6407176,-105.220306
Saratoga Springs,43.0821793,-73.7853915
Kaufman,32.601641,-96.3375126
Surfside,25.8784285,-80.1256007
Barbados,13.1500331,-59.5250305
Rancho Santa Fe,33.024194949999995,-117.19815158464624
Perrysburg,41.5571178,-83.6279321
Freudenberg,50.8983662,7.8773745
San Bruno,37.6261715,-122.4332435
Milano,45.4641943,9.1896346
Zion,42.4461322,-87.8328505
Cordoba,37.8845813,-4.7760138
Marlborough,42.3459271,-71.5522874
Tupelo,34.2576067,-88.7033859
Solana Beach,32.9905597,-117.269131
Port Ludlow,47.911568,-122.6921314385483
"Kauai, Waimea",21.96365,-159.67413843779505
Sidney,-33.8698439,151.2082848
Utrecht,52.080985600000005,5.12768396945229
Norwood,40.7055931,-89.6987129
Garland,32.912624,-96.6388833
Roma,41.8933203,12.4829321
Lake Buena Vista,28.38034955,-81.5297578369267
East Rutherford,40.82046,-74.08307621723368
Orlando,28.5421109,-81.3790304
Lost Pines,29.4268944,-98.8422863
Saunderstown,41.5078795,-71.4245004
Luton,51.8784385,-0.4152837
Burleson,30.4764878,-96.6353488
Steamboat Springs,40.4846085,-106.82924741887379
Fort Worth,32.753177,-97.3327459
Westminster,51.5004439,-0.1265398
Carbondale,37.7274692,-89.216655
Golden,39.7546349,-105.2205809
Victorville,34.5361067,-117.2911565
Fort Lauderdale,26.1223084,-80.1433786
Bay Harbor,30.1471462,-85.6146488
York,53.9590555,-1.0815361
Ajijic,20.3001977,-103.2619347
Bakersfield,35.3738712,-119.0194639
Avalon,33.34221,-118.3272612
"Big Island, Waikoloa",19.9252872,-155.8871312
Stowe,52.03701915,-1.0170847763469442
Carlsbad,50.2306147,12.8699868
Ruidoso Downs,33.3289733,-105.6044291
Federal Way,47.313494,-122.3393103
Skokie,42.0333694,-87.7333972
Palma De Mallorca,39.5695818,2.6500745
Windsor Locks,41.9281305,-72.643631
North Miami,25.8900949,-80.1867138
Dana Point,33.4669721,-117.6981075
Runnemede,39.8523358,-75.0679498
Rowland Heights,33.9761238,-117.905339
Hauppauge,40.8239353,-73.20595713476213
Boulder,40.0149856,-105.270545
Oshkosh,44.0206919,-88.5408574
Sheridan,39.3530598,-100.4576457
Eatontown,40.2962222,-74.0509725
Goleta,34.4358295,-119.8276389
Villahermosa,18.0018152,-92.9330401483751
Palm Beach,26.6279798,-80.4494174
Tempe,33.4255056,-111.9400091
Mcdonough,40.4376858,-90.6780272
Tallahassee,30.4380832,-84.2809332
Manning,41.9092293,-95.0650571
Heerhugowaard,52.6631484,4.8326672
Bryce Canyon,37.618409,-112.1422341
Mason,30.705029,-99.2233284
Jinan,36.6507007,117.1140042
San Ramon,41.7253374,1.363189
London,51.5073219,-0.1276474
Craig,40.5152491,-107.5464541
East Brunswick,40.4278841,-74.415984
North Dartmouth,44.6843412,-63.5826519
Saint Simons Island,31.2182863,-81.3612077
Bogota,4.6533326,-74.083652
Powell Butte,45.4870645,-122.5039797
Knoxville,35.9603948,-83.9210261
Lake Placid,44.279621,-73.979874
Florida City,25.4480101,-80.479102
Cranford,40.6584358,-74.2995923
Parsippany,40.8578772,-74.4259866
Salt Lake City,40.7596198,-111.8867975
Cocoa Beach,28.3298487,-80.62054663871002
National City,32.6781085,-117.0991967
Haverhill,42.7777829,-71.0767724
Traverse City,44.7606441,-85.6165301
Sioux Falls,43.541224400000004,-96.73366465001021
Jessup,39.147001450000005,-76.76991768022445
Des Plaines,42.0415823,-87.8873916
Vinton,42.1679131,-92.0239504
Isla Mujeres,21.2321047,-86.73222812171971
Andover,45.2332985,-93.2913405
Fort Lee,40.8509333,-73.9701382
San Pedro,-24.25,-56.5
Newport Beach,33.6170092,-117.9294401
Champaign,40.1164841,-88.2430932
Sausalito,37.8590272,-122.485469
Rockville,39.0817985,-77.1516844
Celebration,-1.2310325,116.8991802
Laguna Beach,33.5426975,-117.785366
Bentonville,36.3728538,-94.2088172
Leuven,50.879202,4.7011675
Concord,43.207178,-71.537476
Hickory,37.959055,-93.3334746
Winter Haven,28.0222435,-81.7328568
Conway,35.2521996,-92.6888936
Vineland,39.4862777,-75.0254256
Fort Collins,40.5508527,-105.0668085
Ekaterinburg,56.7881462,60.66895779116639
Jekyll Island,31.0655982,-81.41431464659931
Parsons,37.3407838,-95.2596295
Forest Grove,45.5197452,-123.1114405
Dunn,47.30612,-102.6112348
Harbour Island,25.499754799999998,-76.63404797983921
Pearland,29.5639758,-95.2864299
Sandy,40.5710454,-111.8953815
Garden Grove,33.7746292,-117.9463717
Fairfax,38.8462236,-77.3063733
Warrington,53.3899497,-2.5943178
Alexandria,31.199004,29.894378
Waltham Abbey,51.6892068,-0.0009449
Palm Springs,33.772179449999996,-116.49529769683983
Zurich,47.3744489,8.5410422
Bloomington,39.1670396,-86.5342881
Oklahoma City,35.4729886,-97.5170536
College Station,30.5955289,-96.3071042
Niagara On The Lake,43.2556116,-79.0723264
Punta Gorda,26.9297836,-82.0453664
Grand Junction,39.063956,-108.5507317
Marlboro,-41.47447475,173.8330262577606
Bali,48.8588897,2.3200410217200766
Garner,43.102147,-93.6020069
Monument Valley,36.9820026,-110.1108327
Newcastle,54.9738474,-1.6131572
Manahawkin,39.69069545000001,-74.2488121988606
Hapeville,33.660109,-84.4102046
Regina,50.44876,-104.61731
Auburndale,28.0652975,-81.7886906
Capitol Heights,38.8849913,-76.9134765
Miami,25.7741728,-80.19362
Cambridge- MA,52.2055314,0.1186637
Morgantown,39.6296809,-79.9559437
Custer,38.1072962,-105.3543375
Moline,41.5058344,-90.5136642
Bronx,40.8466508,-73.8785937
Half Moon Bay,37.4635519,-122.428586
Dedham,41.9063152,-94.8222082
Monclova,26.8999988,-101.4171173
Dillon,45.2141249,-112.6346079
Cocoa,28.3553873,-80.7318827
St. James,43.9824577,-94.6269181
Butte,39.6519275,-121.5858444
Tewksbury,42.6106479,-71.2342248
North Redington Beach,27.8161361,-82.8206587
City Of Industry,34.0182252,-117.9593061
Larkspur,37.9340915,-122.5352539
Port of Spain,10.6572678,-61.5180173
Albuquerque,35.0841034,-106.650985
Laurel,31.6940509,-89.1306124
Constanta,44.1767161,28.6507598
Universal City,34.1419417,-118.3584459
Menlo Park,37.4519671,-122.1779927
Spartanburg,34.9498007,-81.9320157
Pismo Beach,33.7312058,-117.7697509
Rancho Mirage,33.770859,-116.42687402345575
Torino,45.0677551,7.6824892
Burbank,34.1816482,-118.3258554
Aventura,25.9564812,-80.1392121
Taunton,51.0147895,-3.1029086
Nottingham,52.9534193,-1.1496461
Tamarindo,10.302834,-85.8385625
Amelia Island,30.6077379,-81.4600909
Barcelona,41.3828939,2.1774322
Budd Lake,40.87389,-74.73827737964814
Spring Lake,53.5193105,-114.1385071
Mesquite,32.7666103,-96.599472
Calgary,51.0460954,-114.065465
Weston,51.3471927,-2.9778916
Brownsville,25.9140256,-97.4890856
Verona,45.4384958,10.9924122
Meise,50.9341625,4.3287322
Grantville,33.2348419,-84.8357679
Modesto,37.6390972,-120.9968782
Torrington,41.8006523,-73.1212214
River Ranch,-23.975353,151.16085936360884
Gainesville,29.6519684,-82.3249846
Hong Kong Sar,22.350627,114.1849161
Catoosa,36.188987,-95.745817
Rockville Centre,40.6574186,-73.6450664
Rancho Cordova,38.5890723,-121.302728
Williamsburg,37.2708788,-76.7074042
Duck Key,24.778716000000003,-80.91390183832715
Adelaide,-34.9281805,138.5999312
Tel Aviv,32.0852997,34.7818064
Summerville,33.0186699,-80.1762704
Milford,41.2222218,-73.0570603
Fairview Heights,38.5889386,-89.990382
Stafford,52.8063157,-2.1163818
Sunderland,54.9058512,-1.3828727
Angels Camp,38.0695732,-120.540503
Ciudad Juarez,31.7097961,-106.455581
North Charleston,32.8546197,-79.9748103
Auckland,-36.852095,174.7631803
Bayahibe,18.3687086,-68.8396888
Shreveport,32.5221828,-93.7651944
Ljubljana,46.0500268,14.5069289
Cascavel,-24.9554996,-53.4560544
Danville,40.125222,-87.6304614
Napoli,40.8358846,14.2487679
Tyler,32.3512601,-95.3010624
Waltham,42.3756401,-71.2358004
Woodbury,42.3775361,-96.0607187
Parker,32.7599475,-97.7935767
Joplin,37.08418,-94.51323
New Smyrna Beach,29.0294202,-81.02083424215786
Beaconsfield,51.6082881,-0.6571233
Beaverton,45.4871723,-122.80378
West Palm Beach,26.715364,-80.0532942
Augusta,33.4709714,-81.9748429
College Park-GA,33.6534427,-84.4493725
Teotihuacan,19.690089649999997,-98.84536815577445
Dania Beach,26.0524224,-80.143929
Hope,45.0554436,42.1230338
Elk Grove Village,42.0041236,-87.9706457
Lake Charles,30.2265949,-93.2173759
Beaver,38.3335694,-113.2754828
Southbury,41.4814848,-73.2131693
Kingman,37.5420937,-98.122172
Dulles,29.456179,-98.663407
Hawthorne,33.9188589,-118.3483256
The Woodlands,30.1734194,-95.504686
Aspen,39.1911128,-106.8235606
Norwalk,41.1175966,-73.4078968
Billings,45.7874957,-108.49607
Orangeburg,33.4918203,-80.8556476
Accra,5.5571096,-0.2012376
West Valley City,40.6967254,-111.9868211
Bowie,33.4198886,-94.4479626
West Coxsackie,42.3606399,-73.8167921
Forestville,48.739437,-69.088211
Hot Springs,34.5038393,-93.0552437
Stockport,53.407901,-2.160243
Fort Myers Beach,26.4520248,-81.948145
Redding,40.5863563,-122.391675
New Delhi,28.6138954,77.2090057
Jerusalem,31.7788242,35.2257626
Asheville,35.6009498,-82.5540161
Bethesda,38.98127255,-77.12335871396549
Florence,43.7698712,11.2555757
Mayaguez,18.2011161,-67.1391124
Selma,32.4078632,-87.0207473
Essex,51.77046785,0.46466977412300386
Baltimore,39.2908816,-76.610759
Hollywood Beach,30.2540906,-85.9568811
Abilene,32.44645,-99.7475905
Canon City,38.4423644,-105.222494
Elmira,42.0897965,-76.8077338
Johnstown,40.3267407,-78.9219698
Higuey,18.6127983,-68.7119822
Ludington,43.9555406,-86.4477416
Bavaro,18.6107716,-68.4110862
Roseburg,43.216505,-123.3417381
Colchester,51.8896903,0.8994651
Stevens Point,44.5229223,-89.574111
San Francisco,37.7790262,-122.419906
Columbus,39.9622601,-83.0007065
Palo Alto,37.4443293,-122.1598465
Sun Valley,33.670169,-95.42850117122116
Liverpool,53.4071991,-2.99168
Carson City,39.1649125,-119.7666496
Paramus,40.9452911,-74.0735899
South San Francisco,37.6535403,-122.4168664
Countryside,41.7771605,-87.87297479806902
Little Torch Key,24.6693097,-81.3909144
Montgomery,32.3669656,-86.3006485
Redwood City,37.4863239,-122.232523
Chandler,33.3061605,-111.84125
Aptos,36.993645,-121.89194984597702
Southaven,34.9873822,-90.0034862
Sonoma,38.5110803,-122.8473388
Mazatlan,23.2313053,-106.4153144
Shakopee,44.7980186,-93.5268986
Batavia,-6.1753942,106.827183
Pueblo,38.2544472,-104.609141
Mississauga,43.5896231,-79.6443879
Vienna,48.2083537,16.3725042
Jeffersonville,38.2770227,-85.7371604
Bridgetown,13.0977832,-59.6184184
Medford,42.4184296,-71.1061639
Duluth,46.7729322,-92.1251218
Chattanooga,35.0457219,-85.3094883
Vilvoorde,50.9287524,4.4228712
Hoofddorp,52.3055506,4.6926655
Dover,51.1251275,1.3134228
"Maui, Kaanapali",20.933395,-156.68342882198613
Lugano,46.0050102,8.9520281
Dumfries,55.069836,-3.6092292
Rockaway,40.9012101,-74.5143232
Milwaukee,43.0349931,-87.922497
Chesterfield,38.661953,-90.5643258
Salem,44.9391565,-123.033121
Santee,32.8383828,-116.9739167
Enterprise,31.3151708,-85.8552161
Frederiksberg,55.678016,12.5326186
Tulum,20.2152358,-87.42953531439221
Glen Ellyn,41.8775293,-88.0670118
Johnson Creek,43.076113,-88.7742707
Kill Devil Hills,36.0321186,-75.6776147
Visalia,36.3302284,-119.2920585
Beijing,39.906217,116.3912757
Sevierville,35.8681455,-83.561835
El Dorado Hills,38.67950505,-121.05936567127863
Edinburgh,55.9533456,-3.1883749
Carle Place,40.750241,-73.61187491661425
Chino Hills,33.9926803,-117.760056
"Big Island, Kohala Coast",20.12583283,-155.789663508
"Oahu, Laie",21.648287,-157.922562
Winstonsalem,36.099861,-80.244217
"Oahu, Kahuku",20.887218,-156.482834
"Big Island, Volcano",19.406893,-155.283386
"Glenn Ellen",41.841030,-88.070717
Capelle Ann Den Ijssel,51.92917,4.57778
